Season,Name,Team,HR,R,AB,2B,3B,SO,Hard_Percent,playerid
2015,Bryce Harper,Nationals,42,118,521,38,1,131,0.409,11579
2008,Albert Pujols,Cardinals,37,100,524,44,0,54,0.429,1177
2013,Miguel Cabrera,Tigers,44,103,555,26,1,94,0.451,1744
2018,Mookie Betts,Red Sox,32,129,520,47,5,91,0.445,13611
2009,Albert Pujols,Cardinals,47,124,568,45,1,64,0.406,1177
2018,Mike Trout,Angels,39,101,471,24,4,124,0.444,10155
2008,Chipper Jones,Braves,22,82,439,24,1,61,0.325,97
2010,Josh Hamilton,Rangers,32,95,518,40,3,95,0.351,1875
2011,Jose Bautista,Blue Jays,43,105,513,24,2,111,0.392,1887
2019,Christian Yelich,Brewers,44,100,489,29,3,118,0.508,11477
2009,Joe Mauer,Twins,28,94,523,30,1,63,0.376,1857
2010,Joey Votto,Reds,37,106,547,36,2,125,0.400,4314
2011,Miguel Cabrera,Tigers,30,111,572,48,0,89,0.369,1744
2017,Mike Trout,Angels,33,92,402,25,3,90,0.383,10155
2019,Mike Trout,Angels,45,110,470,27,2,120,0.438,10155
2008,Manny Ramirez,- - -,37,102,552,36,1,124,0.435,210
2010,Miguel Cabrera,Tigers,38,111,548,45,1,95,0.446,1744
2017,Aaron Judge,Yankees,52,128,542,24,3,208,0.453,15640
2017,Joey Votto,Reds,36,106,559,34,1,83,0.363,4314
2018,J.D. Martinez,Red Sox,43,111,569,37,2,146,0.449,6184
2015,Joey Votto,Reds,29,95,545,33,2,135,0.384,4314
2011,Ryan Braun,Brewers,33,109,563,38,6,93,0.366,3410
2008,Milton Bradley,Rangers,22,78,414,32,1,112,0.318,369
2013,Mike Trout,Angels,27,109,589,39,9,136,0.380,10155
2009,Prince Fielder,Brewers,46,103,591,35,3,138,0.429,4613
2018,Christian Yelich,Brewers,36,118,574,34,7,135,0.476,11477
2010,Jose Bautista,Blue Jays,54,109,569,35,3,116,0.396,1887
2013,Chris Davis,Orioles,53,103,584,42,1,199,0.413,9272
2016,David Ortiz,Red Sox,38,79,537,48,1,86,0.459,745
2010,Albert Pujols,Cardinals,42,115,587,39,1,76,0.424,1177
2019,Alex Bregman,Astros,41,122,554,37,2,83,0.449,17678
2016,Mike Trout,Angels,29,123,549,32,5,137,0.417,10155
2009,Joey Votto,Reds,25,82,469,38,1,106,0.365,4314
2015,Paul Goldschmidt,Diamondbacks,33,103,567,38,2,151,0.414,9218
2019,Nelson Cruz,Twins,41,81,454,26,0,131,0.525,2434
2012,Miguel Cabrera,Tigers,44,109,622,40,0,98,0.430,1744
2008,Lance Berkman,Astros,29,114,554,46,4,108,0.353,548
2010,Paul Konerko,White Sox,39,89,548,30,1,110,0.405,242
2019,Cody Bellinger,Dodgers,47,121,558,34,3,108,0.492,15998
2015,Mike Trout,Angels,41,104,575,32,6,158,0.408,10155
2008,Carlos Quentin,White Sox,36,96,480,26,1,80,0.335,6274
2017,Charlie Blackmon,Rockies,37,137,644,35,14,135,0.390,7859
2015,Miguel Cabrera,Tigers,18,64,429,28,1,82,0.401,1744
2012,Ryan Braun,Brewers,41,108,598,36,3,128,0.368,3410
2016,Joey Votto,Reds,29,101,556,34,2,120,0.387,4314
2009,Kevin Youkilis,Red Sox,27,99,491,36,1,125,0.360,1935
2011,Matt Kemp,Dodgers,39,115,602,33,4,159,0.329,5631
2010,Carlos Gonzalez,Rockies,34,111,587,34,9,135,0.438,7287
2009,Derrek Lee,Cubs,35,91,532,36,2,109,0.363,525
2019,Anthony Rendon,Nationals,34,117,545,44,3,86,0.447,12861
2014,Andrew McCutchen,Pirates,25,89,548,38,6,115,0.406,9847
2014,Victor Martinez,Tigers,32,87,561,33,0,42,0.394,393
2014,Jose Abreu,White Sox,36,80,556,35,2,131,0.364,15676
2017,Giancarlo Stanton,Marlins,59,123,597,32,0,163,0.389,4949
2011,Prince Fielder,Brewers,38,95,569,36,1,106,0.341,4613
2008,Mark Teixeira,- - -,33,102,574,41,0,93,0.389,1281
2008,Alex Rodriguez,Yankees,35,104,510,33,0,117,0.389,1274
2008,Matt Holliday,Rockies,25,107,539,38,2,104,0.295,1873
2012,Mike Trout,Angels,30,129,559,27,8,139,0.328,10155
2016,Daniel Murphy,Nationals,25,88,531,47,5,57,0.382,4316
2008,Ryan Ludwick,Cardinals,37,104,538,40,3,146,0.397,1260
2011,Lance Berkman,Cardinals,31,90,488,23,2,93,0.348,548
2011,Adrian Gonzalez,Red Sox,27,108,630,45,3,119,0.314,1908
2009,Ben Zobrist,Rays,27,91,501,28,7,104,0.318,7435
2011,David Ortiz,Red Sox,29,84,525,40,1,83,0.386,745
2009,Hanley Ramirez,Marlins,24,101,576,42,1,101,0.308,8001
2017,Freddie Freeman,Braves,28,84,440,35,2,95,0.375,5361
2010,Troy Tulowitzki,Rockies,27,89,470,32,3,78,0.402,3531
2012,Buster Posey,Giants,24,78,530,39,1,96,0.316,9166
2008,Kevin Youkilis,Red Sox,29,91,538,43,4,108,0.321,1935
2011,Joey Votto,Reds,29,101,599,40,3,129,0.345,4314
2017,Jose Altuve,Astros,24,112,590,39,4,84,0.282,5417
2019,Ketel Marte,Diamondbacks,32,97,569,36,9,86,0.421,13613
2013,Paul Goldschmidt,Diamondbacks,36,103,602,36,3,145,0.416,9218
2009,Adrian Gonzalez,Padres,40,90,552,27,2,109,0.368,1908
2009,Ryan Braun,Brewers,32,113,635,39,6,121,0.342,3410
2014,Giancarlo Stanton,Marlins,37,89,539,31,1,170,0.404,4949
2008,Hanley Ramirez,Marlins,33,125,589,34,4,122,0.331,8001
2016,Josh Donaldson,Blue Jays,37,122,577,32,5,119,0.404,5038
2012,Andrew McCutchen,Pirates,31,107,593,29,6,132,0.371,9847
2013,Jayson Werth,Nationals,25,84,462,24,0,101,0.399,1327
2014,Mike Trout,Angels,36,115,602,39,9,184,0.383,10155
2009,Mark Teixeira,Yankees,39,103,609,43,3,114,0.364,1281
2009,Miguel Cabrera,Tigers,34,96,611,34,0,107,0.374,1744
2014,Jose Bautista,Blue Jays,35,101,553,27,0,96,0.347,1887
2016,Freddie Freeman,Braves,34,102,589,43,6,171,0.435,5361
2009,Alex Rodriguez,Yankees,30,78,444,17,1,97,0.346,1274
2019,George Springer,Astros,39,96,479,20,3,113,0.451,12856
2017,Paul Goldschmidt,Diamondbacks,36,117,558,34,3,147,0.443,9218
2013,Troy Tulowitzki,Rockies,25,72,446,27,0,85,0.366,3531
2013,Joey Votto,Reds,24,101,581,30,3,138,0.376,4314
2011,Jacoby Ellsbury,Red Sox,32,119,660,46,5,98,0.265,4727
2013,David Ortiz,Red Sox,30,84,518,38,2,88,0.444,745
2017,Justin Turner,Dodgers,21,72,457,32,0,56,0.389,5235
2017,Kris Bryant,Cubs,29,111,549,38,4,128,0.328,15429
2009,Pablo Sandoval,Giants,25,79,572,44,5,83,0.328,5409
2016,Miguel Cabrera,Tigers,38,92,595,31,1,116,0.411,1744
2012,Prince Fielder,Tigers,30,83,581,33,1,84,0.353,4613
2017,Tommy Pham,Cardinals,23,95,444,22,2,117,0.355,2967
2015,Josh Donaldson,Blue Jays,41,122,620,41,2,133,0.373,5038
2010,Matt Holliday,Cardinals,28,95,596,45,1,93,0.376,1873
2014,Anthony Rizzo,Cubs,32,89,524,28,1,116,0.316,3473
2017,Jose Ramirez,Indians,29,107,585,56,6,69,0.340,13510
2016,Kris Bryant,Cubs,39,121,603,35,3,154,0.403,15429
2008,David Wright,Mets,33,115,626,42,2,118,0.347,3787
2013,Michael Cuddyer,Rockies,20,74,489,31,3,100,0.304,1534
2015,Nelson Cruz,Mariners,44,90,590,22,1,164,0.356,2434
2012,Edwin Encarnacion,Blue Jays,42,93,542,24,0,94,0.363,2151
2009,Adam Lind,Blue Jays,35,93,587,46,0,110,0.345,8027
2010,Jayson Werth,Phillies,27,106,554,46,2,147,0.406,1327
2018,Alex Bregman,Astros,31,105,594,51,1,85,0.354,17678
2009,Adam Dunn,Nationals,38,81,546,29,0,177,0.364,319
2009,Jason Bay,Red Sox,36,103,531,29,3,162,0.357,1717
2017,Nolan Arenado,Rockies,37,100,606,43,7,106,0.367,9777
2009,Troy Tulowitzki,Rockies,32,101,543,25,9,112,0.350,3531
2011,Matt Holliday,Cardinals,22,83,446,36,0,93,0.327,1873
2009,Chase Utley,Phillies,31,112,571,28,4,110,0.376,1679
2009,J.D. Drew,Red Sox,24,84,452,30,4,109,0.330,1152
2012,Robinson Cano,Yankees,33,105,627,48,1,96,0.381,3269
2017,Anthony Rendon,Nationals,25,81,508,41,1,82,0.343,12861
2019,Juan Soto,Nationals,34,110,542,32,5,132,0.414,20123
2016,Charlie Blackmon,Rockies,29,111,578,35,5,102,0.344,7859
2009,Todd Helton,Rockies,15,79,544,38,3,73,0.281,432
2011,Curtis Granderson,Yankees,41,136,583,26,10,169,0.348,4747
2013,Andrew McCutchen,Pirates,21,97,583,38,5,101,0.399,9847
2013,Shin-Soo Choo,Reds,21,107,569,34,2,133,0.304,3174
2009,Ryan Howard,Phillies,45,105,616,37,4,186,0.456,2154
2017,Zack Cozart,Reds,24,80,438,24,7,78,0.308,2616
2008,Nick Markakis,Orioles,20,106,595,48,1,113,0.304,5930
2019,Nolan Arenado,Rockies,41,102,588,31,2,93,0.425,9777
2015,Edwin Encarnacion,Blue Jays,39,94,528,31,0,98,0.359,2151
2016,DJ LeMahieu,Rockies,11,104,552,32,8,80,0.352,9874
2018,Jose Ramirez,Indians,39,110,578,38,4,80,0.361,13510
2016,Anthony Rizzo,Cubs,32,94,583,43,4,108,0.343,3473
2010,Robinson Cano,Yankees,29,103,626,41,3,77,0.354,3269
2009,Matt Holliday,- - -,24,94,581,39,3,101,0.335,1873
2010,Adrian Beltre,Red Sox,28,84,589,49,2,82,0.401,639
2011,Carlos Beltran,- - -,22,78,520,39,6,88,0.367,589
2018,Nolan Arenado,Rockies,38,104,590,38,2,122,0.430,9777
2016,Jose Altuve,Astros,24,108,640,42,5,70,0.338,5417
2011,Michael Morse,Nationals,31,73,522,36,0,126,0.358,3035
2018,Paul Goldschmidt,Diamondbacks,33,95,593,35,5,173,0.462,9218
2019,Anthony Rizzo,Cubs,27,89,512,29,3,86,0.373,3473
2015,Chris Davis,Orioles,47,100,573,31,0,208,0.414,9272
2010,Ryan Zimmerman,Nationals,25,85,525,32,0,98,0.401,4220
2019,Xander Bogaerts,Red Sox,33,110,614,52,0,122,0.388,12161
2011,Troy Tulowitzki,Rockies,30,81,537,36,2,79,0.304,3531
2014,Edwin Encarnacion,Blue Jays,34,75,477,27,2,82,0.381,2151
2014,Michael Brantley,Indians,20,94,611,45,2,56,0.338,4106
2008,Chase Utley,Phillies,33,113,607,41,4,104,0.387,1679
2015,Jose Bautista,Blue Jays,40,108,543,29,3,106,0.353,1887
2017,Marcell Ozuna,Marlins,37,93,613,30,2,144,0.391,10324
2013,Edwin Encarnacion,Blue Jays,36,90,530,29,1,62,0.366,2151
2012,Adrian Beltre,Rangers,36,95,604,33,2,82,0.358,639
2017,Ryan Zimmerman,Nationals,36,90,524,33,0,126,0.405,4220
2009,Lance Berkman,Astros,25,73,460,31,1,98,0.358,548
2009,Brad Hawpe,Rockies,23,82,501,42,3,145,0.331,1885
2009,Kendrys Morales,Angels,34,86,566,43,2,117,0.379,8610
2013,Freddie Freeman,Braves,23,89,551,27,2,121,0.377,5361
2019,Charlie Blackmon,Rockies,32,112,580,42,7,104,0.403,7859
2019,Freddie Freeman,Braves,38,113,597,34,2,127,0.468,5361
2010,Luke Scott,Orioles,27,70,447,29,1,98,0.371,3469
2012,Josh Hamilton,Rangers,43,103,562,31,2,162,0.369,1875
2008,Aubrey Huff,Orioles,32,96,598,48,2,89,0.312,1213
2010,Aubrey Huff,Giants,26,100,569,35,5,91,0.353,1213
2019,J.D. Martinez,Red Sox,36,98,575,33,2,138,0.459,6184
2010,Shin-Soo Choo,Indians,22,81,550,31,2,118,0.385,3174
2016,Nolan Arenado,Rockies,41,116,618,35,6,103,0.379,9777
2008,Brian McCann,Braves,23,68,509,42,1,64,0.377,4810
2008,Aramis Ramirez,Cubs,27,97,554,44,1,94,0.313,1002
2011,Justin Upton,Diamondbacks,31,105,592,39,5,126,0.328,5222
2018,Brandon Nimmo,Mets,17,77,433,28,8,140,0.372,12927
2008,Ian Kinsler,Rangers,18,102,518,41,4,67,0.308,6195
2009,Michael Young,Rangers,22,76,541,36,2,90,0.341,1286
2017,Nelson Cruz,Mariners,39,91,556,28,0,140,0.407,2434
2009,Jason Kubel,Twins,28,73,514,35,2,106,0.334,2161
2009,Justin Upton,Diamondbacks,26,84,526,30,7,137,0.358,5222
2017,Daniel Murphy,Nationals,23,94,534,43,3,77,0.357,4316
2009,Derek Jeter,Yankees,18,107,634,27,1,90,0.261,826
2011,Paul Konerko,White Sox,31,69,543,25,0,89,0.297,242
2019,Jeff McNeil,Mets,23,83,510,38,1,75,0.378,15362
2008,Adam Dunn,- - -,40,79,517,23,0,164,0.397,319
2009,Shin-Soo Choo,Indians,20,87,583,38,6,151,0.349,3174
2019,Pete Alonso,Mets,53,103,597,30,2,183,0.422,19251
2008,Jason Bay,- - -,31,111,577,35,4,137,0.308,1717
2013,Josh Donaldson,Athletics,24,89,579,37,3,110,0.315,5038
2013,Robinson Cano,Yankees,27,81,605,41,0,85,0.385,3269
2015,Anthony Rizzo,Cubs,31,94,586,38,3,105,0.332,3473
2018,Trevor Story,Rockies,37,88,598,42,6,168,0.445,12564
2014,Miguel Cabrera,Tigers,25,101,611,52,1,117,0.450,1744
2011,Albert Pujols,Cardinals,37,105,579,29,0,58,0.305,1177
2012,Aramis Ramirez,Brewers,27,92,570,50,3,82,0.394,1002
2008,Josh Hamilton,Rangers,32,98,624,35,5,126,0.292,1875
2016,J.D. Martinez,Tigers,22,69,460,35,2,128,0.410,6184
2011,Alex Avila,Tigers,19,63,464,33,4,131,0.317,7476
2016,Nelson Cruz,Mariners,43,96,589,27,1,159,0.364,2434
2008,Andre Ethier,Dodgers,20,90,525,38,5,88,0.301,6265
2013,Joe Mauer,Twins,11,62,445,35,0,89,0.374,1857
2009,Jason Bartlett,Rays,14,90,500,29,7,89,0.291,8219
2018,Anthony Rendon,Nationals,24,88,529,44,2,82,0.378,12861
2013,Matt Holliday,Cardinals,22,103,520,31,1,86,0.384,1873
2011,Alex Gordon,Royals,23,101,611,45,4,139,0.265,5209
2010,David Ortiz,Red Sox,32,86,518,36,1,145,0.387,745
2016,Paul Goldschmidt,Diamondbacks,24,106,579,33,3,150,0.375,9218
2017,Marwin Gonzalez,Astros,23,67,455,34,0,99,0.327,5497
2010,Dan Uggla,Marlins,33,100,589,31,0,149,0.384,3442
2011,Giancarlo Stanton,Marlins,34,79,516,30,5,166,0.396,4949
2013,Matt Carpenter,Cardinals,11,126,626,55,7,98,0.331,8090
2010,Prince Fielder,Brewers,32,94,578,25,0,138,0.392,4613
2008,Brad Hawpe,Rockies,25,69,488,24,3,134,0.334,1885
2010,Adam Dunn,Nationals,38,85,558,36,2,199,0.438,319
2011,Adrian Beltre,Rangers,32,82,487,33,0,53,0.346,639
2019,Eugenio Suarez,Reds,49,87,575,22,2,189,0.467,12552
2009,Mark Reynolds,Diamondbacks,44,98,578,30,1,223,0.374,7619
2019,Mookie Betts,Red Sox,29,135,597,40,5,101,0.430,13611
2015,Andrew McCutchen,Pirates,23,91,566,36,3,133,0.394,9847
2019,Trevor Story,Rockies,35,111,588,38,5,174,0.439,12564
2014,Adrian Beltre,Rangers,19,79,549,33,1,74,0.333,639
2012,Josh Willingham,Twins,35,85,519,30,1,141,0.375,2103
2017,Cody Bellinger,Dodgers,39,87,480,26,4,146,0.430,15998
2015,David Peralta,Diamondbacks,17,61,462,26,10,107,0.354,2136
2017,Anthony Rizzo,Cubs,32,99,572,32,3,90,0.344,3473
2011,Carlos Gonzalez,Rockies,26,92,481,27,3,105,0.301,7287
2019,Carlos Santana,Indians,34,110,573,30,1,108,0.433,2396
2019,Austin Meadows,Rays,33,83,530,29,7,131,0.454,15672
2009,Hideki Matsui,Yankees,28,62,456,21,1,75,0.279,1659
2019,Kris Bryant,Cubs,31,108,543,35,1,145,0.358,15429
2014,Yasiel Puig,Dodgers,16,92,558,37,9,124,0.346,14225
2010,Adrian Gonzalez,Padres,31,87,591,33,0,114,0.377,1908
2019,Yoan Moncada,White Sox,25,83,511,34,5,154,0.399,17232
2016,Mookie Betts,Red Sox,31,122,672,42,5,80,0.334,13611
2010,Nick Swisher,Yankees,29,91,566,33,3,139,0.435,4599
2008,Joe Mauer,Twins,9,98,536,31,4,50,0.329,1857
2015,David Ortiz,Red Sox,37,73,528,37,0,95,0.419,745
2013,Adrian Beltre,Rangers,30,88,631,32,0,78,0.353,639
2019,Josh Bell,Pirates,37,94,527,37,3,118,0.454,13145
2010,Kelly Johnson,Diamondbacks,26,93,585,36,5,148,0.376,2234
2012,Matt Holliday,Cardinals,27,95,599,36,2,132,0.394,1873
2019,Jorge Soler,Royals,48,95,589,33,1,178,0.468,14221
2009,Raul Ibanez,Phillies,34,93,500,32,3,119,0.412,607
2010,Ryan Braun,Brewers,25,101,619,45,1,105,0.344,3410
2017,Justin Upton,- - -,35,100,557,44,0,180,0.410,5222
2018,Freddie Freeman,Braves,23,94,618,44,4,132,0.419,5361
2016,Ryan Braun,Brewers,30,80,511,23,3,98,0.344,3410
2008,Magglio Ordonez,Tigers,21,72,561,32,2,76,0.273,248
2008,Jason Giambi,Yankees,32,68,458,19,1,111,0.379,818
2009,Jayson Werth,Phillies,36,98,571,26,1,156,0.349,1327
2012,Chase Headley,Padres,31,95,604,31,2,157,0.361,4720
2008,Brian Giles,Padres,12,81,559,40,4,52,0.293,990
2011,Hunter Pence,- - -,22,84,606,38,5,124,0.283,8252
2019,Josh Donaldson,Braves,37,96,549,33,0,155,0.472,5038
2008,Dustin Pedroia,Red Sox,17,118,653,54,2,52,0.276,8370
2008,Jermaine Dye,White Sox,34,96,590,41,2,104,0.344,911
2009,Evan Longoria,Rays,33,100,584,44,0,140,0.333,9368
2009,Ryan Zimmerman,Nationals,33,110,610,37,3,119,0.358,4220
2017,Jose Abreu,White Sox,33,95,621,43,6,119,0.405,15676
2010,Jason Heyward,Braves,18,83,520,29,5,128,0.388,4940
2010,Joe Mauer,Twins,9,88,510,43,1,53,0.417,1857
2019,Rafael Devers,Red Sox,32,129,647,54,4,119,0.376,17350
2012,Billy Butler,Royals,29,72,614,32,1,111,0.367,7399
2014,Jayson Werth,Nationals,16,85,534,37,1,113,0.392,1327
2009,Carlos Pena,Rays,39,91,471,25,2,163,0.463,934
2018,Manny Machado,- - -,37,84,632,35,3,104,0.387,11493
2018,Eugenio Suarez,Reds,34,79,527,22,2,142,0.486,12552
2009,Nick Johnson,- - -,8,71,457,24,2,84,0.285,828
2011,Jose Reyes,Mets,7,101,537,31,16,41,0.235,1736
2008,Ryan Braun,Brewers,37,92,611,39,7,129,0.344,3410
2008,Miguel Cabrera,Tigers,37,85,616,36,2,126,0.349,1744
2009,Nick Swisher,Yankees,29,84,498,35,1,126,0.331,4599
2017,Eric Hosmer,Royals,25,98,603,31,1,104,0.295,3516
2011,Corey Hart,Brewers,26,80,492,25,4,114,0.346,1945
2008,Grady Sizemore,Indians,33,101,634,39,5,130,0.346,2197
2017,George Springer,Astros,34,112,548,29,0,111,0.367,12856
2012,David Wright,Mets,21,91,581,41,2,112,0.327,3787
2008,Carlos Pena,Rays,31,76,490,24,2,166,0.357,934
2018,Bryce Harper,Nationals,34,103,550,34,0,169,0.423,11579
2012,Joe Mauer,Twins,10,81,545,31,4,88,0.371,1857
2010,Evan Longoria,Rays,22,96,574,46,5,124,0.363,9368
2012,Aaron Hill,Diamondbacks,26,93,609,44,6,86,0.344,6104
2012,Yadier Molina,Cardinals,22,65,505,28,0,55,0.317,7007
2008,Dan Uggla,Marlins,32,97,531,37,1,171,0.328,3442
2018,Matt Carpenter,Cardinals,36,111,564,42,0,158,0.490,8090
2017,Avisail Garcia,White Sox,18,75,518,27,5,111,0.353,5760
2009,Torii Hunter,Angels,22,74,451,26,1,92,0.332,731
2009,Victor Martinez,- - -,23,88,588,33,1,74,0.298,393
2012,Dexter Fowler,Rockies,13,72,454,18,11,128,0.308,4062
2016,Matt Carpenter,Cardinals,21,81,473,36,6,108,0.419,8090
2011,Dustin Pedroia,Red Sox,21,102,635,37,3,85,0.268,8370
2008,Joey Votto,Reds,24,69,526,32,3,102,0.329,4314
2011,Aramis Ramirez,Cubs,26,80,565,35,1,69,0.288,1002
2019,DJ LeMahieu,Yankees,26,109,602,33,2,90,0.404,9874
2008,Pat Burrell,Phillies,33,74,536,33,3,136,0.387,949
2008,Carlos Beltran,Mets,27,116,606,40,5,96,0.348,589
2008,Xavier Nady,- - -,25,76,555,37,1,103,0.329,1658
2009,Robinson Cano,Yankees,25,103,637,48,2,63,0.280,3269
2011,Robinson Cano,Yankees,28,104,623,46,7,96,0.307,3269
2008,Mark DeRosa,Cubs,21,103,505,30,3,106,0.333,1392
2009,Chris Coghlan,Marlins,9,84,504,31,6,77,0.290,6878
2008,Vladimir Guerrero,Angels,27,85,541,31,3,77,0.325,778
2014,Freddie Freeman,Braves,18,93,607,43,4,145,0.398,5361
2019,Jose Altuve,Astros,31,89,500,27,3,82,0.408,5417
2018,Jesus Aguilar,Brewers,35,80,492,25,0,143,0.440,11342
2012,Allen Craig,Cardinals,22,76,469,35,0,89,0.295,3433
2016,Brandon Belt,Giants,17,77,542,41,8,148,0.364,10264
2012,Carlos Gonzalez,Rockies,22,89,518,31,5,115,0.340,7287
2010,Billy Butler,Royals,15,77,595,45,0,78,0.365,7399
2016,Edwin Encarnacion,Blue Jays,42,99,601,34,0,138,0.376,2151
2008,Troy Glaus,Cardinals,27,69,544,33,1,104,0.359,15
2008,Curtis Granderson,Tigers,22,112,553,26,13,111,0.300,4747
2017,Edwin Encarnacion,Indians,38,96,554,20,1,133,0.376,2151
2018,Xander Bogaerts,Red Sox,23,72,513,45,3,102,0.379,12161
2019,Trey Mancini,Orioles,35,106,602,38,2,143,0.373,15149
2014,Justin Morneau,Rockies,17,62,502,32,3,60,0.316,1737
2010,Corey Hart,Brewers,31,91,558,34,4,140,0.379,1945
2008,Geovany Soto,Cubs,23,66,494,35,2,121,0.352,3707
2019,Marcus Semien,Athletics,33,123,657,43,7,102,0.417,12533
2019,Max Muncy,Dodgers,35,101,487,22,1,149,0.462,13301
2008,Jack Cust,Athletics,33,77,481,19,0,197,0.361,1564
2015,Matt Carpenter,Cardinals,28,101,574,44,3,151,0.370,8090
2015,J.D. Martinez,Tigers,38,93,596,33,2,178,0.428,6184
2009,Johnny Damon,Yankees,24,107,550,36,3,98,0.240,185
2016,Corey Seager,Dodgers,26,105,627,40,5,133,0.397,13624
2017,Domingo Santana,Brewers,30,88,525,29,0,178,0.397,10348
2009,Justin Morneau,Twins,30,85,508,31,1,86,0.396,1737
2013,Jose Bautista,Blue Jays,28,82,452,24,0,84,0.379,1887
2012,Austin Jackson,Tigers,16,103,543,29,10,134,0.338,9848
2008,Prince Fielder,Brewers,34,86,588,30,2,134,0.377,4613
2009,Andre Ethier,Dodgers,31,92,596,42,3,116,0.316,6265
2016,Adrian Beltre,Rangers,32,89,583,31,1,66,0.356,639
2016,Jean Segura,Diamondbacks,20,102,637,41,7,101,0.297,5933
2015,Nolan Arenado,Rockies,42,97,616,43,4,110,0.362,9777
2017,Justin Smoak,Blue Jays,38,85,560,29,1,128,0.394,9054
2019,Bryan Reynolds,Pirates,16,83,491,37,4,121,0.429,19326
2015,A.J. Pollock,Diamondbacks,20,111,609,39,6,89,0.344,9256
2014,Buster Posey,Giants,22,72,547,28,2,69,0.346,9166
2008,Justin Morneau,Twins,23,97,623,47,4,85,0.292,1737
2015,Kris Bryant,Cubs,26,87,559,31,5,199,0.375,15429
2012,Paul Konerko,White Sox,26,66,533,22,0,83,0.277,242
2008,Jim Thome,White Sox,34,93,503,28,0,147,0.372,409
2008,Evan Longoria,Rays,27,67,448,31,2,122,0.356,9368
2015,Manny Machado,Orioles,35,102,633,30,1,111,0.331,11493
2016,Robinson Cano,Mariners,39,107,655,33,2,100,0.355,3269
2019,Justin Turner,Dodgers,27,80,479,24,0,88,0.504,5235
2016,Brian Dozier,Twins,42,104,615,35,5,138,0.347,9810
2016,Carlos Santana,Indians,34,89,582,31,3,99,0.363,2396
2014,Nelson Cruz,Orioles,40,87,613,32,2,140,0.356,2434
2018,Joey Votto,Reds,12,67,503,28,2,101,0.410,4314
2010,Chase Utley,Phillies,16,75,425,20,2,63,0.387,1679
2014,Matt Kemp,Dodgers,25,77,541,38,3,145,0.403,5631
2011,Michael Young,Rangers,11,88,631,41,6,78,0.256,1286
2008,Adrian Gonzalez,Padres,36,103,616,32,1,142,0.367,1908
2013,Brandon Moss,Athletics,30,73,446,23,3,140,0.398,4467
2010,Mark Teixeira,Yankees,33,113,601,36,0,122,0.374,1281
2010,Scott Rolen,Reds,20,66,471,34,3,82,0.355,970
2009,Billy Butler,Royals,21,78,608,51,1,103,0.310,7399
2010,Hanley Ramirez,Marlins,21,92,543,28,2,93,0.371,8001
2011,Josh Hamilton,Rangers,25,80,487,31,5,93,0.292,1875
2008,Bobby Abreu,Yankees,20,100,609,39,4,109,0.303,945
2018,Matt Chapman,Athletics,24,100,547,42,6,146,0.432,16505
2016,Yoenis Cespedes,Mets,31,72,479,25,1,108,0.393,13110
2014,David Ortiz,Red Sox,35,59,518,27,0,95,0.450,745
2009,Michael Cuddyer,Twins,32,93,588,34,7,118,0.309,1534
2019,Ronald Acuna Jr.,Braves,41,127,626,22,2,188,0.458,18401
2017,Eric Thames,Brewers,31,83,469,26,4,163,0.415,3711
2008,Johnny Damon,Yankees,17,95,555,27,5,82,0.214,185
2011,Victor Martinez,Tigers,12,76,540,40,0,51,0.256,393
2010,Colby Rasmus,Cardinals,23,85,464,28,3,148,0.360,9893
2012,David Murphy,Rangers,15,65,457,29,3,74,0.310,6035
2010,Carl Crawford,Rays,19,110,600,30,13,104,0.278,1201
2018,Francisco Lindor,Indians,38,129,661,42,2,107,0.416,12916
2014,Jonathan Lucroy,Brewers,13,73,585,53,2,71,0.347,7870
2018,David Peralta,Diamondbacks,30,75,560,25,5,124,0.486,2136
2008,Alfonso Soriano,Cubs,29,76,453,27,0,103,0.305,847
2013,Adam Lind,Blue Jays,23,67,465,26,1,103,0.402,8027
2010,Ryan Howard,Phillies,31,87,550,23,5,157,0.407,2154
2009,Russell Branyan,Mariners,31,64,431,21,1,149,0.311,370
2013,Giancarlo Stanton,Marlins,24,62,425,26,0,140,0.388,4949
2019,Matt Olson,Athletics,36,73,483,26,0,138,0.503,14344
2011,Shane Victorino,Phillies,17,95,519,27,16,63,0.221,1677
2010,Andre Ethier,Dodgers,23,71,517,33,1,102,0.401,6265
2015,Michael Brantley,Indians,15,68,529,45,0,51,0.309,4106
2018,Charlie Blackmon,Rockies,29,119,626,31,7,134,0.358,7859
2010,Rickie Weeks Jr.,Brewers,29,112,651,32,4,184,0.358,1849
2012,Yoenis Cespedes,Athletics,23,70,487,25,5,102,0.330,13110
2017,Gary Sanchez,Yankees,33,79,471,20,0,120,0.369,11442
2014,Carlos Gomez,Brewers,23,95,574,34,4,141,0.359,4881
2008,Ryan Howard,Phillies,48,105,610,26,4,199,0.463,2154
2016,Christian Yelich,Marlins,21,78,578,38,3,138,0.380,11477
2016,Hanley Ramirez,Red Sox,30,81,549,28,1,120,0.372,8001
2009,Ichiro Suzuki,Mariners,11,88,639,31,4,71,0.187,1101
2015,Yoenis Cespedes,- - -,35,101,633,42,6,141,0.358,13110
2013,Mike Napoli,Red Sox,23,79,498,38,2,187,0.414,3057
2016,Dexter Fowler,Cubs,13,84,456,25,7,124,0.306,4062
2011,Evan Longoria,Rays,31,78,483,26,1,93,0.301,9368
2019,Michael Brantley,Astros,22,88,575,40,2,66,0.419,4106
2018,Mitch Haniger,Mariners,26,90,596,38,4,148,0.371,14274
2018,Javier Baez,Cubs,34,101,606,40,9,167,0.358,12979
2016,Manny Machado,Orioles,37,105,640,40,1,120,0.354,11493
2010,David Wright,Mets,29,87,587,36,3,161,0.388,3787
2009,David Wright,Mets,10,88,535,39,3,140,0.304,3787
2011,Kevin Youkilis,Red Sox,17,68,431,32,2,100,0.337,1935
2015,Ryan Braun,Brewers,25,87,506,27,3,115,0.363,3410
2017,Yonder Alonso,- - -,28,72,451,22,0,118,0.360,2530
2017,Buster Posey,Giants,12,62,494,34,0,66,0.330,9166
2013,Daniel Nava,Red Sox,12,77,458,29,0,93,0.342,5450
2008,Carlos Delgado,Mets,38,96,598,32,1,124,0.357,1297
2019,Bryce Harper,Phillies,35,98,573,36,1,178,0.481,11579
2012,David Freese,Cardinals,20,70,501,25,1,122,0.360,9549
2012,Ben Zobrist,Rays,20,88,560,39,7,103,0.306,7435
2010,Jay Bruce,Reds,25,80,509,23,5,136,0.373,9892
2014,Josh Harrison,Pirates,13,77,520,38,7,81,0.318,8202
2018,Khris Davis,Athletics,48,98,576,28,1,175,0.453,9112
2015,Shin-Soo Choo,Rangers,22,94,555,32,3,147,0.328,3174
2010,Alex Rodriguez,Yankees,30,74,522,29,2,98,0.366,1274
2013,Brandon Belt,Giants,17,76,509,39,4,125,0.369,10264
2008,Nate McLouth,Pirates,26,113,597,46,4,93,0.287,3190
2019,Yuli Gurriel,Astros,31,85,564,40,2,65,0.386,19198
2010,Victor Martinez,Red Sox,20,64,493,32,1,52,0.312,393
2013,Carlos Santana,Indians,20,75,541,39,1,110,0.317,2396
2011,Ian Kinsler,Rangers,32,121,620,34,4,71,0.288,6195
2017,Corey Seager,Dodgers,22,85,539,33,0,131,0.440,13624
2013,Marlon Byrd,- - -,24,75,532,35,5,144,0.404,950
2015,Kendrys Morales,Royals,22,81,569,41,2,103,0.353,8610
2017,Joey Gallo,Rangers,41,85,449,18,3,196,0.464,14128
2008,Brian Roberts,Orioles,9,107,611,51,8,104,0.283,166
2015,Carlos Gonzalez,Rockies,40,87,554,25,2,133,0.341,7287
2012,Miguel Montero,Diamondbacks,15,65,486,25,2,130,0.310,3364
2010,Vladimir Guerrero,Rangers,29,83,593,27,1,60,0.362,778
2014,Justin Upton,Braves,29,77,566,34,2,171,0.382,5222
2010,Vernon Wells,Blue Jays,31,79,590,44,3,84,0.390,1326
2018,Jose Altuve,Astros,13,84,534,29,2,79,0.333,5417
2013,Allen Craig,Cardinals,13,71,508,29,2,100,0.329,3433
2018,Rhys Hoskins,Phillies,34,89,558,38,0,150,0.345,16472
2015,Buster Posey,Giants,19,74,557,28,0,52,0.348,9166
2019,Tim Anderson,White Sox,18,81,498,32,0,109,0.322,15172
2012,Paul Goldschmidt,Diamondbacks,20,82,514,43,1,130,0.389,9218
2009,Nelson Cruz,Rangers,33,75,462,21,1,118,0.350,2434
2013,Carlos Gomez,Brewers,24,80,536,27,10,146,0.370,4881
2018,Nicholas Castellanos,Tigers,23,88,620,46,5,151,0.479,11737
2012,Nick Swisher,Yankees,24,75,537,36,0,141,0.353,4599
2009,Paul Konerko,White Sox,28,75,546,30,1,89,0.336,242
2009,Bobby Abreu,Angels,15,96,563,29,3,113,0.346,945
2016,Kyle Seager,Mariners,30,89,597,36,3,108,0.387,9785
2017,Logan Morrison,Rays,38,75,512,22,1,149,0.374,9205
2014,Jose Altuve,Astros,7,85,660,47,3,53,0.238,5417
2008,Conor Jackson,Diamondbacks,12,87,540,31,6,61,0.284,5997
2012,Ian Desmond,Nationals,25,72,513,33,2,113,0.327,6885
2013,Yadier Molina,Cardinals,12,68,505,44,0,55,0.344,7007
2014,Hanley Ramirez,Dodgers,13,64,449,35,0,84,0.328,8001
2017,Brian Dozier,Twins,34,106,617,30,4,141,0.341,9810
2019,Joc Pederson,Dodgers,36,83,450,16,3,111,0.452,11899
2018,Scooter Gennett,Reds,23,86,584,30,3,125,0.388,10339
2009,Matt Kemp,Dodgers,26,97,606,25,7,139,0.313,5631
2010,Brian McCann,Braves,21,63,479,25,0,98,0.392,4810
2016,Jonathan Lucroy,- - -,24,67,490,24,3,100,0.354,7870
2016,Wilson Ramos,Nationals,22,58,482,25,0,79,0.354,1433
2016,Carlos Gonzalez,Rockies,25,87,584,42,2,129,0.371,7287
2012,Alex Rios,White Sox,25,93,605,37,8,92,0.321,2090
2017,Chris Taylor,Dodgers,21,85,514,34,5,142,0.324,13757
2014,Lucas Duda,Mets,30,74,514,27,0,135,0.413,2502
2015,Jose Abreu,White Sox,30,88,613,34,3,140,0.342,15676
2011,Mark Teixeira,Yankees,39,90,589,26,1,110,0.302,1281
2017,Khris Davis,Athletics,43,91,566,28,1,195,0.421,9112
2015,Alex Rodriguez,Yankees,33,83,523,22,1,145,0.356,1274
2018,Miguel Andujar,Yankees,27,83,573,47,2,97,0.360,15878
2017,Travis Shaw,Brewers,31,84,538,34,1,138,0.371,11982
2018,Nelson Cruz,Mariners,37,70,519,18,1,122,0.423,2434
2019,Yasmani Grandal,Brewers,28,79,513,26,2,139,0.454,11368
2012,Adam LaRoche,Nationals,33,76,571,35,1,138,0.373,1904
2012,Adam Jones,Orioles,32,103,648,39,3,126,0.353,6368
2014,Anthony Rendon,Nationals,21,111,613,39,6,104,0.378,12861
2014,Robinson Cano,Mariners,14,77,595,37,2,68,0.285,3269
2017,Matt Carpenter,Cardinals,23,91,497,31,2,125,0.422,8090
2014,Matt Holliday,Cardinals,20,83,574,37,0,100,0.391,1873
2015,Prince Fielder,Rangers,23,78,613,28,0,88,0.323,4613
2011,Nick Swisher,Yankees,23,81,526,30,0,125,0.305,4599
2015,Lorenzo Cain,Royals,16,101,551,34,6,98,0.322,9077
2013,Evan Longoria,Rays,32,91,614,39,3,162,0.413,9368
2017,Andrew McCutchen,Pirates,28,94,570,30,2,116,0.352,9847
2016,Ben Zobrist,Cubs,18,94,523,31,3,82,0.325,7435
2009,Scott Rolen,- - -,11,76,475,36,1,62,0.325,970
2019,Hunter Dozier,Royals,26,75,523,29,10,148,0.453,15117
2018,Aaron Hicks,Yankees,27,90,480,18,3,111,0.395,5297
2019,Luke Voit,Yankees,21,72,429,21,1,142,0.389,14811
2012,Albert Pujols,Angels,30,85,607,50,0,76,0.335,1177
2018,Giancarlo Stanton,Yankees,38,102,617,34,1,211,0.423,4949
2010,Daric Barton,Athletics,10,79,556,33,5,102,0.242,5928
2011,Andrew McCutchen,Pirates,23,87,572,34,5,126,0.341,9847
2008,Derrek Lee,Cubs,20,93,623,41,3,119,0.356,525
2009,Yunel Escobar,Braves,14,89,528,26,2,62,0.270,4191
2009,Brian McCann,Braves,21,63,488,35,1,83,0.355,4810
2009,Dustin Pedroia,Red Sox,15,115,626,48,1,45,0.237,8370
2009,Denard Span,Twins,8,97,578,16,10,89,0.189,8347
2008,Raul Ibanez,Mariners,23,85,635,43,3,110,0.338,607
2009,Adam LaRoche,- - -,25,78,555,38,2,142,0.371,1904
2013,Carlos Beltran,Cardinals,24,79,554,30,3,90,0.374,589
2008,Jose Reyes,Mets,16,113,688,37,19,82,0.243,1736
2018,Lorenzo Cain,Brewers,10,90,539,25,2,94,0.383,9077
2015,Brandon Belt,Giants,18,73,492,33,5,147,0.398,10264
2018,Michael Brantley,Indians,17,89,570,36,2,60,0.371,4106
2009,Felipe Lopez,- - -,9,88,604,38,3,100,0.288,1311
2018,Anthony Rizzo,Cubs,25,74,566,29,1,80,0.341,3473
2015,Lucas Duda,Mets,27,67,471,33,0,138,0.390,2502
2012,Shin-Soo Choo,Indians,16,88,598,43,2,150,0.301,3174
2018,Tommy Pham,- - -,21,102,494,18,6,140,0.485,2967
2010,Andrew McCutchen,Pirates,16,94,570,35,5,89,0.380,9847
2011,Ben Zobrist,Rays,20,99,588,46,6,128,0.296,7435
2014,Starling Marte,Pirates,13,73,495,29,6,131,0.330,9241
2019,Gleyber Torres,Yankees,38,96,546,26,0,129,0.395,16997
2013,Prince Fielder,Tigers,25,82,624,36,0,117,0.343,4613
2010,Andres Torres,Giants,16,84,507,43,8,128,0.365,1488
2009,Martin Prado,Braves,11,64,450,38,0,59,0.337,3312
2019,Michael Conforto,Mets,33,90,549,29,1,149,0.365,16376
2012,Corey Hart,Brewers,30,91,562,35,4,151,0.382,1945
2016,Carlos Beltran,- - -,29,73,552,33,0,101,0.358,589
2016,Mark Trumbo,Orioles,47,94,613,27,1,170,0.393,6876
2008,Adam LaRoche,Pirates,25,66,492,32,3,122,0.348,1904
2008,David DeJesus,Royals,12,70,518,25,7,71,0.306,1825
2016,Dustin Pedroia,Red Sox,15,105,633,36,1,73,0.319,8370
2009,Carl Crawford,Rays,15,96,606,28,8,99,0.212,1201
2010,Hideki Matsui,Angels,21,55,482,24,1,98,0.312,1659
2010,Carlos Quentin,White Sox,26,73,453,25,2,83,0.310,6274
2017,Mark Reynolds,Rockies,30,82,520,22,1,175,0.345,7619
2019,Nicholas Castellanos,- - -,27,100,615,58,3,143,0.423,11737
2018,Andrew Benintendi,Red Sox,16,103,579,41,6,106,0.280,17901
2017,Josh Reddick,Astros,13,77,477,34,4,72,0.311,3892
2012,Alex Gordon,Royals,14,93,642,51,5,140,0.279,5209
2009,Casey Blake,Dodgers,18,84,485,25,6,116,0.314,719
2019,Kyle Schwarber,Cubs,38,82,529,29,3,156,0.420,16478
2013,Justin Upton,Braves,27,94,558,27,2,161,0.299,5222
2009,Aaron Hill,Blue Jays,36,103,682,37,0,98,0.311,6104
2010,Torii Hunter,Angels,23,76,573,36,0,106,0.356,731
2013,Buster Posey,Giants,15,61,520,34,1,70,0.326,9166
2009,Chone Figgins,Angels,5,114,615,30,7,114,0.201,1580
2013,Jason Kipnis,Indians,17,86,564,36,4,143,0.351,9776
2015,Curtis Granderson,Mets,26,98,580,33,2,151,0.370,4747
2011,Rickie Weeks Jr.,Brewers,20,77,453,26,2,107,0.300,1849
2014,Seth Smith,Padres,12,55,443,31,5,87,0.331,7331
2013,Hunter Pence,Giants,27,91,629,35,5,115,0.339,8252
2014,Adam LaRoche,Nationals,26,73,494,19,0,108,0.373,1904
2009,Carlos Lee,Astros,26,65,610,35,1,51,0.305,243
2016,Ian Kinsler,Tigers,28,117,618,29,4,115,0.340,6195
2012,Torii Hunter,Angels,16,81,534,24,1,133,0.328,731
2017,Eugenio Suarez,Reds,26,87,534,25,2,147,0.338,12552
2008,Melvin Mora,Orioles,23,77,513,29,2,70,0.279,157
2009,Magglio Ordonez,Tigers,9,54,465,24,2,65,0.244,248
2011,Jhonny Peralta,Tigers,21,68,525,25,3,95,0.242,1738
2011,Carlos Pena,Cubs,28,72,493,27,3,161,0.424,934
2013,Chase Utley,Phillies,18,73,476,25,6,79,0.346,1679
2014,Neil Walker,Pirates,23,74,512,25,3,88,0.286,7539
2018,Jose Martinez,Cardinals,17,64,534,30,0,104,0.405,7996
2009,Luke Scott,Orioles,25,61,449,26,1,104,0.318,3469
2019,Trea Turner,Nationals,19,96,521,37,5,113,0.376,16252
2009,Hunter Pence,Astros,25,76,585,26,5,109,0.267,8252
2016,Jonathan Villar,Brewers,19,92,589,38,3,174,0.351,10071
2008,J.J. Hardy,Brewers,24,78,569,31,4,98,0.312,3797
2018,Shin-Soo Choo,Rangers,21,83,560,30,1,156,0.420,3174
2011,Ryan Howard,Phillies,33,81,557,30,1,172,0.362,2154
2008,Stephen Drew,Diamondbacks,21,91,611,44,11,109,0.301,4251
2010,Stephen Drew,Diamondbacks,15,83,565,33,12,108,0.335,4251
2009,Dan Uggla,Marlins,31,84,564,27,1,150,0.306,3442
2011,Seth Smith,Rockies,15,67,476,32,9,93,0.295,7331
2019,Max Kepler,Twins,36,98,524,32,0,99,0.424,12144
2015,Jason Kipnis,Indians,9,86,565,43,7,107,0.306,9776
2017,Jonathan Schoop,Orioles,32,92,622,35,0,142,0.361,11265
2016,Jose Ramirez,Indians,11,84,565,46,3,62,0.268,13510
2012,Carlos Beltran,Cardinals,32,83,547,26,1,124,0.341,589
2018,Ben Zobrist,Cubs,9,67,455,28,3,60,0.355,7435
2015,Eric Hosmer,Royals,18,98,599,33,5,108,0.329,3516
2016,Jose Bautista,Blue Jays,22,68,423,24,1,103,0.411,1887
2009,Chipper Jones,Braves,18,80,488,23,2,89,0.306,97
2013,Chris Johnson,Braves,12,54,514,34,0,116,0.300,1191
2019,Matt Chapman,Athletics,36,102,583,36,3,147,0.453,16505
2010,Delmon Young,Twins,21,77,570,46,1,81,0.318,2140
2015,Adrian Gonzalez,Dodgers,28,76,571,33,0,107,0.360,1908
2016,Jackie Bradley Jr.,Red Sox,26,94,558,30,7,143,0.360,12984
2019,Ryan Braun,Brewers,22,70,459,31,2,105,0.454,3410
2014,Melky Cabrera,Blue Jays,16,81,568,35,3,67,0.305,4022
2019,Ozzie Albies,Braves,24,102,640,43,8,112,0.423,16556
2011,Casey Kotchman,Rays,10,44,500,24,2,66,0.217,1930
2010,Martin Prado,Braves,15,100,599,40,3,86,0.310,3312
2011,Nelson Cruz,Rangers,29,64,475,28,1,116,0.309,2434
2009,Kosuke Fukudome,Cubs,11,79,499,38,5,112,0.339,3263
2009,Marco Scutaro,Blue Jays,12,100,574,35,1,75,0.274,1555
2013,Ryan Zimmerman,Nationals,26,84,568,26,2,133,0.400,4220
2014,Carlos Santana,Indians,27,68,541,25,0,124,0.350,2396
2011,Brandon Phillips,Reds,18,94,610,38,2,85,0.272,791
2015,Mike Moustakas,Royals,22,73,549,34,1,76,0.315,4892
2019,Shin-Soo Choo,Rangers,24,93,563,31,2,165,0.449,3174
2018,Gregory Polanco,Pirates,23,75,461,32,6,117,0.340,12907
2018,J.T. Realmuto,Marlins,21,74,477,30,3,104,0.385,11739
2016,Justin Turner,Dodgers,27,79,556,34,3,107,0.376,5235
2016,George Springer,Astros,29,116,644,29,5,178,0.336,12856
2009,Alberto Callaspo,Royals,11,79,576,41,8,51,0.249,3336
2013,Shane Victorino,Red Sox,15,82,477,26,2,75,0.280,1677
2019,Starling Marte,Pirates,23,97,539,31,6,94,0.375,9241
2011,Yadier Molina,Cardinals,14,55,475,32,1,44,0.250,7007
2017,Jake Lamb,Diamondbacks,30,89,536,30,4,152,0.357,13329
2011,Matt Joyce,Rays,19,69,462,32,2,106,0.300,3353
2017,Francisco Lindor,Indians,33,99,651,44,4,93,0.352,12916
2011,Miguel Montero,Diamondbacks,18,65,493,36,1,97,0.292,3364
2010,Nick Markakis,Orioles,12,79,629,45,3,93,0.268,5930
2012,Jay Bruce,Reds,34,89,560,35,5,155,0.374,9892
2011,Billy Butler,Royals,19,74,597,44,0,95,0.310,7399
2019,Jorge Polanco,Twins,22,107,631,40,7,116,0.395,13152
2016,Jake Lamb,Diamondbacks,29,81,523,31,9,154,0.394,13329
2012,Bryce Harper,Nationals,22,98,533,26,9,120,0.301,11579
2010,Alfonso Soriano,Cubs,24,67,496,40,3,123,0.332,847
2012,Ryan Zimmerman,Nationals,25,93,578,36,1,116,0.397,4220
2009,Shane Victorino,Phillies,10,102,620,39,13,71,0.224,1677
2012,Garrett Jones,Pirates,27,68,475,28,3,103,0.348,2714
2009,Brian Roberts,Orioles,16,110,632,56,1,112,0.270,166
2018,Yasmani Grandal,Dodgers,24,65,440,23,2,124,0.408,11368
2012,Jason Kubel,Diamondbacks,30,75,506,30,4,151,0.385,2161
2012,Chris Davis,Orioles,33,75,515,20,0,169,0.347,9272
2019,Danny Santana,Rangers,28,81,474,23,6,151,0.451,10322
2008,Edwin Encarnacion,Reds,26,75,506,29,1,102,0.230,2151
2014,Adrian Gonzalez,Dodgers,27,83,591,41,0,112,0.388,1908
2015,Mookie Betts,Red Sox,18,92,597,42,8,82,0.317,13611
2011,Michael Cuddyer,Twins,20,70,529,29,2,95,0.254,1534
2008,Melvin Upton Jr.,Rays,9,85,531,37,2,134,0.268,5015
2012,A.J. Pierzynski,White Sox,27,68,479,18,4,78,0.286,746
2013,Domonic Brown,Phillies,27,65,496,21,4,97,0.333,3154
2011,Carlos Santana,Indians,27,84,552,35,2,133,0.312,2396
2016,Starling Marte,Pirates,9,71,489,34,5,104,0.347,9241
2009,Asdrubal Cabrera,Indians,6,81,523,42,4,89,0.269,4962
2008,Torii Hunter,Angels,21,85,551,37,2,108,0.324,731
2009,Ian Kinsler,Rangers,31,101,566,32,4,77,0.283,6195
2008,Shane Victorino,Phillies,14,102,570,30,8,69,0.302,1677
2017,Alex Bregman,Astros,19,88,556,39,5,97,0.330,17678
2018,Stephen Piscotty,Athletics,27,78,546,41,0,114,0.426,13367
2016,Victor Martinez,Tigers,27,65,553,22,0,90,0.388,393
2012,Jason Heyward,Braves,27,93,587,30,6,152,0.345,4940
2018,Travis Shaw,Brewers,32,73,498,23,0,108,0.398,11982
2008,Mike Cameron,Brewers,25,69,444,25,2,142,0.363,1070
2014,Josh Donaldson,Athletics,29,93,608,31,2,130,0.347,5038
2015,Adam Lind,Brewers,20,72,502,32,0,100,0.373,8027
2011,Josh Willingham,Athletics,29,69,488,26,0,150,0.350,2103
2017,Carlos Santana,Indians,23,90,571,37,3,94,0.330,2396
2018,Didi Gregorius,Yankees,27,89,504,23,5,69,0.360,6012
2011,Melky Cabrera,Royals,18,102,658,44,5,94,0.233,4022
2009,Juan Rivera,Angels,25,72,529,24,1,57,0.283,843
2017,Jay Bruce,- - -,36,82,555,29,2,139,0.403,9892
2014,Todd Frazier,Reds,29,88,597,22,1,139,0.342,785
2011,Dexter Fowler,Rockies,5,84,481,35,15,130,0.279,4062
2016,Evan Longoria,Rays,36,81,633,41,4,144,0.363,9368
2012,Andre Ethier,Dodgers,20,79,556,36,1,124,0.320,6265
2013,Adam Jones,Orioles,33,100,653,35,1,136,0.375,6368
2011,Brian McCann,Braves,24,51,466,19,0,89,0.338,4810
2010,Chris Young,Diamondbacks,27,94,584,33,0,145,0.330,3882
2015,Logan Forsythe,Rays,17,69,540,33,2,111,0.310,7185
2011,Mark Reynolds,Orioles,37,84,534,27,1,196,0.325,7619
2008,Russell Martin,Dodgers,13,87,553,25,0,83,0.265,4616
2012,Alfonso Soriano,Cubs,32,68,561,33,2,153,0.336,847
2013,Eric Hosmer,Royals,17,86,623,34,3,100,0.367,3516
2015,Ben Zobrist,- - -,13,76,467,36,3,56,0.281,7435
2017,Eddie Rosario,Twins,27,79,542,33,2,106,0.317,12155
2010,Justin Upton,Diamondbacks,17,73,495,27,3,152,0.410,5222
2018,Whit Merrifield,Royals,12,88,632,43,3,114,0.369,11281
2019,Francisco Lindor,Indians,32,101,598,40,2,98,0.420,12916
2011,Jay Bruce,Reds,32,84,585,27,2,158,0.337,9892
2011,Howie Kendrick,Angels,18,86,537,30,6,119,0.285,4229
2017,Trey Mancini,Orioles,24,65,543,26,4,139,0.341,15149
2016,Khris Davis,Athletics,42,85,555,24,2,166,0.391,9112
2016,Carlos Correa,Astros,20,76,577,36,3,139,0.372,14162
2018,Justin Smoak,Blue Jays,25,67,505,34,0,156,0.338,9054
2017,Joe Mauer,Twins,7,69,525,36,1,83,0.364,1857
2009,Nick Markakis,Orioles,18,94,642,45,2,98,0.298,5930
2019,Tommy Pham,Rays,21,77,567,33,2,123,0.434,2967
2016,Jose Abreu,White Sox,25,67,624,32,1,125,0.327,15676
2017,Yasiel Puig,Dodgers,28,72,499,24,2,100,0.329,14225
2019,Mike Moustakas,Brewers,35,80,523,30,1,98,0.415,4892
2015,Yunel Escobar,Nationals,9,75,535,25,1,70,0.278,4191
2017,Steven Souza Jr.,Rays,30,78,523,21,2,179,0.341,5667
2018,Justin Upton,Angels,30,80,533,18,1,176,0.438,5222
2018,Matt Kemp,Dodgers,21,62,462,25,0,115,0.435,5631
2017,Christian Yelich,Marlins,18,100,602,36,2,137,0.352,11477
2011,Yunel Escobar,Blue Jays,11,77,513,24,3,70,0.208,4191
2015,Mitch Moreland,Rangers,23,51,471,27,0,112,0.360,3086
2009,Nate McLouth,- - -,20,86,507,27,2,99,0.296,3190
2016,Xander Bogaerts,Red Sox,21,115,652,34,1,123,0.306,12161
2011,Chipper Jones,Braves,18,56,455,33,1,80,0.270,97
2011,Freddie Freeman,Braves,21,67,571,32,0,142,0.325,5361
2016,Michael Saunders,Blue Jays,24,70,490,32,3,157,0.374,9981
2014,Dexter Fowler,Astros,8,61,434,21,4,108,0.293,4062
2010,Bobby Abreu,Angels,20,88,573,41,1,132,0.330,945
2018,Jed Lowrie,Athletics,23,78,596,37,1,128,0.401,4418
2008,Kelly Johnson,Braves,12,86,547,39,6,113,0.324,2234
2015,Jose Altuve,Astros,15,86,638,40,4,67,0.259,5417
2016,Jason Kipnis,Indians,23,91,610,41,4,146,0.357,9776
2008,Jhonny Peralta,Indians,23,104,605,42,4,126,0.337,1738
2018,Andrew McCutchen,- - -,20,83,569,30,3,145,0.434,9847
2008,Jason Kubel,Twins,20,74,463,22,5,91,0.322,2161
2019,Javier Baez,Cubs,29,89,531,38,4,156,0.374,12979
2017,Jed Lowrie,Athletics,14,86,567,49,3,100,0.345,4418
2012,Derek Jeter,Yankees,15,99,683,32,0,90,0.227,826
2010,Casey McGehee,Brewers,23,70,610,38,1,102,0.314,6086
2010,J.D. Drew,Red Sox,22,69,478,24,2,105,0.292,1152
2018,C.J. Cron,Rays,30,68,501,28,1,145,0.396,12546
2019,Rhys Hoskins,Phillies,29,86,570,33,5,173,0.462,16472
2009,Jermaine Dye,White Sox,27,78,503,19,1,108,0.297,911
2008,Casey Blake,- - -,21,71,536,36,1,120,0.321,719
2017,Lorenzo Cain,Royals,15,86,584,27,5,100,0.311,9077
2013,Dustin Pedroia,Red Sox,9,91,641,42,2,75,0.314,8370
2011,Jeff Francoeur,Royals,20,77,601,47,4,123,0.281,4792
2009,Marlon Byrd,Rangers,20,66,547,43,2,98,0.318,950
2013,Torii Hunter,Tigers,17,90,606,37,5,113,0.306,731
2015,Carlos Beltran,Yankees,19,57,478,34,1,85,0.333,589
2015,Adam Eaton,White Sox,14,98,610,28,9,131,0.263,11205
2018,Johan Camargo,Braves,19,63,464,27,1,108,0.362,14950
2018,Edwin Encarnacion,Indians,32,74,500,16,1,132,0.424,2151
2014,Kyle Seager,Mariners,25,71,590,27,4,118,0.378,9785
2010,Ike Davis,Mets,19,73,523,33,1,138,0.354,8433
2010,Brett Gardner,Yankees,5,97,477,20,7,101,0.180,9927
2013,Adrian Gonzalez,Dodgers,22,69,583,32,0,98,0.358,1908
2012,Adam Dunn,White Sox,41,87,539,19,0,222,0.389,319
2009,Mike Cameron,Brewers,24,78,544,32,3,156,0.305,1070
2016,Chris Carter,Brewers,41,84,549,27,1,206,0.405,9911
2008,Jorge Cantu,Marlins,29,92,628,41,0,111,0.321,2521
2018,Eduardo Escobar,- - -,23,75,566,48,3,126,0.382,6153
2009,Grady Sizemore,Indians,18,73,436,20,6,92,0.317,2197
2014,Alex Gordon,Royals,19,87,563,34,1,126,0.322,5209
2017,Cesar Hernandez,Phillies,9,85,511,26,6,104,0.221,10556
2008,Alex Rios,Blue Jays,15,91,635,47,8,112,0.335,2090
2008,Fred Lewis,Giants,9,81,468,25,11,124,0.266,4693
2019,Paul Goldschmidt,Cardinals,34,97,597,25,1,166,0.475,9218
2012,Adrian Gonzalez,- - -,18,75,629,47,1,110,0.334,1908
2012,Mark Trumbo,Angels,32,66,544,19,3,153,0.361,6876
2011,Logan Morrison,Marlins,23,54,462,25,4,99,0.305,9205
2015,Jason Heyward,Cardinals,13,79,547,33,4,90,0.291,4940
2012,Curtis Granderson,Yankees,43,102,596,18,4,195,0.311,4747
2014,Chris Carter,Astros,37,68,507,21,1,182,0.383,9911
2019,Christian Walker,Diamondbacks,29,86,529,26,1,155,0.461,13419
2016,Asdrubal Cabrera,Mets,23,65,521,30,1,103,0.367,4962
2008,Randy Winn,Giants,10,84,598,38,2,88,0.269,1235
2011,Andre Ethier,Dodgers,11,67,487,30,0,103,0.256,6265
2012,Martin Prado,Braves,10,81,617,42,6,69,0.283,3312
2013,Billy Butler,Royals,15,62,582,27,0,102,0.320,7399
2010,Gaby Sanchez,Marlins,19,72,572,37,3,101,0.344,3361
2016,Stephen Piscotty,Cardinals,22,86,582,35,3,133,0.321,13367
2018,Cody Bellinger,Dodgers,25,84,557,28,7,151,0.401,15998
2008,Matt Kemp,Dodgers,18,93,606,38,5,153,0.315,5631
2012,Mark Teixeira,Yankees,24,66,451,27,1,83,0.342,1281
2013,Jonathan Lucroy,Brewers,18,59,521,25,6,69,0.365,7870
2015,Charlie Blackmon,Rockies,17,93,614,31,9,112,0.331,7859
2009,Miguel Tejada,Astros,14,83,635,46,1,48,0.306,941
2013,Jed Lowrie,Athletics,15,80,603,45,2,91,0.270,4418
2008,Luke Scott,Orioles,23,67,475,29,2,102,0.285,3469
2016,Yasmany Tomas,Diamondbacks,31,72,530,30,1,136,0.410,17171
2017,Mike Moustakas,Royals,38,75,555,24,0,94,0.319,4892
2018,Nick Markakis,Braves,14,78,623,43,2,80,0.406,5930
2012,Cody Ross,Red Sox,22,70,476,34,1,129,0.322,1760
2017,Yuli Gurriel,Astros,18,69,529,43,1,62,0.351,19198
2016,Elvis Andrus,Rangers,8,75,506,31,7,70,0.271,8709
2013,Jay Bruce,Reds,30,89,626,43,1,185,0.345,9892
2019,Brett Gardner,Yankees,28,86,491,26,7,108,0.345,9927
2008,Cody Ross,Marlins,22,59,461,29,5,116,0.314,1760
2011,J.J. Hardy,Orioles,30,76,527,27,0,92,0.294,3797
2019,Jose Abreu,White Sox,33,85,634,38,1,152,0.407,15676
2012,Dustin Pedroia,Red Sox,15,81,563,39,3,60,0.314,8370
2008,Derek Jeter,Yankees,11,88,596,25,3,85,0.274,826
2013,Starling Marte,Pirates,12,83,510,26,10,138,0.322,9241
2010,Alex Rios,White Sox,21,89,567,29,3,93,0.334,2090
2012,Carlos Santana,Indians,18,72,507,27,2,101,0.304,2396
2008,Lyle Overbay,Blue Jays,15,74,544,32,2,116,0.295,1617
2010,Curtis Granderson,Yankees,24,76,466,17,7,116,0.367,4747
2011,Asdrubal Cabrera,Indians,25,87,604,32,3,119,0.268,4962
2012,Nori Aoki,Brewers,10,81,520,37,4,55,0.250,13075
2016,Adam Eaton,White Sox,14,91,619,29,9,115,0.315,11205
2008,Cristian Guzman,Nationals,9,77,579,35,5,57,0.279,728
2017,Elvis Andrus,Rangers,20,100,643,44,4,101,0.305,8709
2009,Adam Jones,Orioles,19,83,473,22,3,93,0.326,6368
2014,Jhonny Peralta,Cardinals,21,61,560,38,0,112,0.339,1738
2019,Eloy Jimenez,White Sox,31,69,468,18,2,134,0.378,17484
2011,Edwin Encarnacion,Blue Jays,17,70,481,36,0,77,0.305,2151
2009,Jorge Cantu,Marlins,16,67,585,42,0,81,0.297,2521
2010,Derrek Lee,- - -,19,80,547,35,0,134,0.422,525
2016,Bryce Harper,Nationals,24,84,506,24,2,117,0.341,11579
2010,Omar Infante,Braves,8,65,471,15,3,62,0.255,1609
2009,David DeJesus,Royals,13,74,558,28,9,87,0.262,1825
2011,Eric Hosmer,Royals,19,66,523,27,3,82,0.271,3516
2010,Marlon Byrd,Cubs,12,84,580,39,2,98,0.329,950
2018,Joey Gallo,Rangers,40,82,500,24,1,207,0.485,14128
2008,Alex Gordon,Royals,16,72,493,35,1,120,0.277,5209
2008,Paul Konerko,White Sox,22,59,438,19,1,80,0.304,242
2013,Jacoby Ellsbury,Red Sox,9,92,577,31,8,92,0.303,4727
2015,Christian Yelich,Marlins,7,63,476,30,2,101,0.331,11477
2018,Kyle Schwarber,Cubs,26,64,428,14,3,140,0.402,16478
2017,Matt Joyce,Athletics,25,78,469,33,0,113,0.303,3353
2010,Raul Ibanez,Phillies,16,75,561,37,5,108,0.361,607
2016,Mike Napoli,Indians,34,92,557,22,1,194,0.367,3057
2009,Dexter Fowler,Rockies,4,73,433,29,10,116,0.293,4062
2016,Anthony Rendon,Nationals,20,91,567,38,2,117,0.365,12861
2012,Freddie Freeman,Braves,23,91,540,33,2,129,0.388,5361
2010,Hunter Pence,Astros,25,93,614,29,3,105,0.315,8252
2011,Gaby Sanchez,Marlins,19,72,572,35,0,97,0.260,3361
2016,Melky Cabrera,White Sox,14,70,591,42,5,69,0.287,4022
2018,Michael Conforto,Mets,28,78,543,25,1,159,0.358,16376
2009,Jack Cust,Athletics,25,88,513,16,0,185,0.355,1564
2009,David Ortiz,Red Sox,28,77,541,35,1,134,0.329,745
2015,Todd Frazier,Reds,35,82,619,43,1,137,0.374,785
2019,Brian Anderson,Marlins,20,57,459,33,1,114,0.443,18289
2013,Will Venable,Padres,22,64,481,22,8,118,0.322,211
2009,Cody Ross,Marlins,24,73,559,37,1,122,0.305,1760
2014,Luis Valbuena,Cubs,16,68,478,33,4,113,0.362,4969
2012,Alex Rodriguez,Yankees,18,74,463,17,1,116,0.330,1274
2017,David Peralta,Diamondbacks,14,82,525,31,3,94,0.318,2136
2008,Jimmy Rollins,Phillies,11,76,556,38,9,55,0.322,971
2016,Danny Valencia,Athletics,17,72,471,22,1,115,0.316,6364
2016,Yadier Molina,Cardinals,8,56,534,38,1,63,0.311,7007
2013,Kendrys Morales,Mariners,23,64,602,34,0,114,0.362,8610
2017,DJ LeMahieu,Rockies,8,95,609,28,4,90,0.306,9874
2019,Adam Eaton,Nationals,15,103,566,25,7,106,0.341,11205
2008,Yunel Escobar,Braves,10,71,514,24,2,62,0.285,4191
2016,Wil Myers,Padres,28,99,599,29,4,160,0.336,10047
2014,Denard Span,Nationals,5,94,610,39,8,65,0.254,8347
2014,Kole Calhoun,Angels,17,90,493,31,3,104,0.290,11200
2012,A.J. Ellis,Dodgers,13,44,423,20,1,107,0.282,5677
2010,Adam LaRoche,Diamondbacks,25,75,560,37,2,172,0.421,1904
2019,Eduardo Escobar,Diamondbacks,35,94,636,29,10,130,0.413,6153
2018,Jurickson Profar,Rangers,20,82,524,35,6,88,0.373,10815
2016,Buster Posey,Giants,14,82,539,33,2,68,0.361,9166
2014,Starlin Castro,Cubs,14,58,528,33,1,100,0.291,4579
2012,Justin Upton,Diamondbacks,17,107,554,24,4,121,0.308,5222
2017,Corey Dickerson,Rays,27,84,588,33,4,152,0.336,10762
2017,Nicholas Castellanos,Tigers,26,73,614,36,10,142,0.434,11737
2014,Christian Yelich,Marlins,9,94,582,30,6,137,0.342,11477
2010,Mike Napoli,Angels,26,60,453,24,1,137,0.369,3057
2009,Orlando Hudson,Dodgers,9,74,551,35,6,99,0.245,1307
2008,Ryan Theriot,Cubs,1,85,580,19,4,58,0.213,3811
2011,Carlos Lee,Astros,18,66,585,38,4,60,0.262,243
2015,Francisco Cervelli,Pirates,7,56,451,17,5,94,0.307,5275
2013,Ian Desmond,Nationals,20,77,600,38,3,145,0.318,6885
2018,Corey Dickerson,Pirates,13,65,504,35,7,80,0.341,10762
2014,Hunter Pence,Giants,20,106,650,29,10,130,0.281,8252
2009,Erick Aybar,Angels,5,70,504,23,9,54,0.221,4082
2013,Andre Ethier,Dodgers,12,54,482,33,2,95,0.359,6265
2016,Francisco Lindor,Indians,15,99,604,30,3,88,0.275,12916
2013,Alfonso Soriano,- - -,34,84,581,32,1,156,0.317,847
2019,Corey Seager,Dodgers,19,82,489,44,1,98,0.423,13624
2014,Adam Jones,Orioles,29,88,644,30,2,133,0.330,6368
2016,Kole Calhoun,Angels,18,91,594,35,5,118,0.353,11200
2015,Russell Martin,Blue Jays,23,76,441,23,2,106,0.291,4616
2019,Whit Merrifield,Royals,16,105,681,41,10,126,0.384,11281
2018,Eddie Rosario,Twins,24,87,559,31,2,104,0.365,12155
2014,Yan Gomes,Indians,21,61,485,25,3,120,0.310,9627
2014,Adam Eaton,White Sox,1,76,486,26,10,83,0.243,11205
2016,Chris Davis,Orioles,38,99,566,21,0,219,0.403,9272
2008,Skip Schumaker,Cardinals,8,87,540,22,5,60,0.229,3704
2014,Albert Pujols,Angels,28,89,633,37,1,71,0.361,1177
2011,Matt Wieters,Orioles,22,72,500,28,0,84,0.273,4298
2018,Matt Olson,Athletics,29,85,580,33,0,163,0.473,14344
2016,Jay Bruce,- - -,33,74,539,27,6,126,0.382,9892
2015,Justin Upton,Padres,26,85,542,26,3,159,0.353,5222
2014,Ryan Braun,Brewers,19,68,530,30,6,113,0.337,3410
2018,George Springer,Astros,22,102,544,26,0,122,0.334,12856
2019,J.T. Realmuto,Phillies,25,92,538,36,3,123,0.456,11739
2014,Lonnie Chisenhall,Indians,13,62,478,29,1,99,0.241,7571
2013,Victor Martinez,Tigers,14,68,605,36,0,62,0.381,393
2008,Alexei Ramirez,White Sox,21,65,480,22,2,61,0.262,5133
2014,Brian Dozier,Twins,23,112,598,33,1,129,0.279,9810
2019,Kevin Newman,Pirates,12,61,493,20,6,62,0.270,17696
2018,Mallex Smith,Rays,2,65,480,27,10,98,0.271,13608
2014,Brandon Moss,Athletics,25,70,500,23,2,153,0.331,4467
2014,Charlie Blackmon,Rockies,19,82,593,27,3,96,0.284,7859
2016,Curtis Granderson,Mets,30,88,545,24,5,130,0.369,4747
2013,Coco Crisp,Athletics,22,93,513,22,3,65,0.245,1572
2017,Shin-Soo Choo,Rangers,22,96,544,20,1,134,0.361,3174
2017,Mookie Betts,Red Sox,24,101,628,46,2,79,0.357,13611
2016,Kendrys Morales,Royals,30,65,558,24,0,120,0.411,8610
2011,Ryan Roberts,Diamondbacks,19,86,482,25,2,98,0.257,5653
2013,James Loney,Rays,13,54,549,33,0,77,0.283,4556
2012,Kendrys Morales,Angels,22,61,484,26,1,116,0.353,8610
2009,Jacoby Ellsbury,Red Sox,8,94,624,27,10,74,0.263,4727
2014,Matt Carpenter,Cardinals,8,99,595,33,2,111,0.333,8090
2008,Garrett Atkins,Rockies,21,86,611,32,3,100,0.311,1790
2008,Hunter Pence,Astros,25,78,595,34,4,124,0.291,8252
2017,Josh Bell,Pirates,26,75,549,26,6,117,0.326,13145
2008,Placido Polanco,Tigers,8,90,580,34,3,43,0.187,1176
2015,Josh Reddick,Athletics,20,67,526,25,4,65,0.259,3892
2008,Mike Jacobs,Marlins,32,67,477,27,2,119,0.328,2231
2011,Adam Jones,Orioles,25,68,567,26,2,113,0.261,6368
2009,Curtis Granderson,Tigers,30,91,631,23,8,141,0.307,4747
2008,Mark Reynolds,Diamondbacks,28,87,539,28,3,204,0.333,7619
2017,Asdrubal Cabrera,Mets,14,66,479,32,0,83,0.368,4962
2009,Scott Podsednik,White Sox,7,75,537,25,6,74,0.217,1095
2010,Drew Stubbs,Reds,22,91,514,19,6,168,0.361,9328
2019,Franmil Reyes,- - -,37,69,494,19,0,156,0.475,14566
2015,Xander Bogaerts,Red Sox,7,84,613,35,3,101,0.274,12161
2009,Skip Schumaker,Cardinals,4,85,532,34,1,69,0.196,3704
2009,Nyjer Morgan,- - -,3,74,469,15,7,74,0.161,4885
2011,Jon Jay,Cardinals,10,56,455,24,2,81,0.204,5227
2016,Odubel Herrera,Phillies,15,87,583,21,6,134,0.272,11476
2018,Joey Wendle,Rays,7,62,487,33,6,96,0.370,13853
2011,Starlin Castro,Cubs,10,91,674,36,9,96,0.230,4579
2014,Marcell Ozuna,Marlins,23,72,565,26,5,164,0.382,10324
2010,Johnny Damon,Tigers,8,81,539,36,5,90,0.224,185
2015,Chris Coghlan,Cubs,16,64,440,25,6,94,0.331,6878
2010,Dexter Fowler,Rockies,6,73,439,20,14,104,0.357,4062
2015,Starling Marte,Pirates,19,84,579,30,2,123,0.291,9241
2015,Adrian Beltre,Rangers,18,83,567,32,4,65,0.337,639
2018,Jose Abreu,White Sox,22,68,499,36,1,109,0.379,15676
2009,Ryan Ludwick,Cardinals,22,63,486,20,1,106,0.307,1260
2018,Starling Marte,Pirates,20,81,559,32,5,109,0.335,9241
2011,Torii Hunter,Angels,23,80,580,24,2,125,0.323,731
2015,Dee Gordon,Marlins,4,88,615,24,8,91,0.176,8203
2013,Kyle Seager,Mariners,22,79,615,32,2,122,0.293,9785
2013,Chris Carter,Astros,29,64,506,24,2,212,0.391,9911
2014,Matt Adams,Cardinals,15,55,527,34,5,114,0.321,9393
2008,Ken Griffey Jr.,- - -,18,67,490,30,1,89,0.304,327
2010,Adam Jones,Orioles,19,76,581,25,5,119,0.328,6368
2009,Yadier Molina,Cardinals,6,45,481,23,1,39,0.207,7007
2013,Nick Swisher,Indians,22,74,549,27,2,138,0.345,4599
2017,Brett Gardner,Yankees,21,96,594,26,4,122,0.288,9927
2010,Brandon Phillips,Reds,18,100,626,33,5,83,0.315,791
2016,Rougned Odor,Rangers,33,89,605,33,4,135,0.354,12282
2010,Michael Young,Rangers,21,99,656,36,3,115,0.339,1286
2013,Howie Kendrick,Angels,13,55,478,21,4,89,0.337,4229
2016,Logan Forsythe,Rays,20,76,511,24,4,127,0.360,7185
2016,Ian Desmond,Rangers,22,107,625,29,3,160,0.303,6885
2019,Marcell Ozuna,Cardinals,29,80,485,23,1,114,0.484,10324
2018,Josh Bell,Pirates,12,74,501,31,4,104,0.338,13145
2009,Brandon Phillips,Reds,20,78,584,30,5,75,0.297,791
2012,Nelson Cruz,Rangers,24,86,585,45,0,140,0.388,2434
2019,Jonathan Villar,Orioles,24,111,642,33,5,176,0.290,10071
2016,Martin Prado,Marlins,8,70,600,37,3,69,0.284,3312
2008,Adrian Beltre,Mariners,25,74,556,29,1,90,0.332,639
2009,Franklin Gutierrez,Mariners,18,85,565,24,1,122,0.297,3255
2015,Stephen Vogt,Athletics,18,58,445,21,3,97,0.270,5000
2015,Robinson Cano,Mariners,21,82,624,34,1,107,0.324,3269
2011,Peter Bourjos,Angels,12,72,502,26,11,124,0.228,2578
2014,Torii Hunter,Tigers,17,71,549,33,2,89,0.317,731
2017,Wil Myers,Padres,30,80,567,29,3,180,0.414,10047
2012,Pedro Alvarez,Pirates,30,64,525,25,1,180,0.336,2495
2019,Manny Machado,Padres,32,81,587,21,2,128,0.437,11493
2012,Jose Reyes,Marlins,11,86,642,37,12,56,0.273,1736
2009,Adam Kennedy,Athletics,11,65,529,29,1,86,0.213,19
2011,Emilio Bonifacio,Marlins,5,78,565,26,7,129,0.186,4054
2016,Cesar Hernandez,Phillies,6,67,547,14,11,116,0.260,10556
2015,Joc Pederson,Dodgers,26,67,480,19,1,170,0.373,11899
2017,Didi Gregorius,Yankees,25,73,534,27,0,70,0.231,6012
2015,Troy Tulowitzki,- - -,17,77,486,27,0,114,0.375,3531
2013,Brett Gardner,Yankees,8,81,539,33,10,127,0.249,9927
2008,James Loney,Dodgers,13,66,595,35,6,85,0.241,4556
2012,Mark Reynolds,Orioles,23,65,457,26,0,159,0.350,7619
2018,Chris Taylor,Dodgers,17,85,536,35,8,178,0.384,13757
2015,Ian Kinsler,Tigers,11,94,624,35,7,80,0.264,6195
2017,Todd Frazier,- - -,27,74,474,19,1,125,0.322,785
2015,Kyle Seager,Mariners,26,85,623,37,0,98,0.331,9785
2012,Chris Johnson,- - -,15,48,488,28,5,132,0.308,1191
2019,Jose Ramirez,Indians,23,68,482,33,3,74,0.403,13510
2010,Angel Pagan,Mets,11,80,579,31,7,97,0.279,2918
2016,Adrian Gonzalez,Dodgers,18,69,568,31,0,117,0.328,1908
2013,Ben Zobrist,Rays,12,77,612,36,3,91,0.290,7435
2017,Robinson Cano,Mariners,23,79,592,33,0,85,0.369,3269
2009,Luis Castillo,Mets,1,77,486,12,3,58,0.142,513
2019,Avisail Garcia,Rays,20,61,489,25,2,125,0.401,5760
2015,Adam Jones,Orioles,27,74,546,25,3,102,0.307,6368
2015,Gerardo Parra,- - -,14,83,547,36,5,92,0.295,8553
2013,Ian Kinsler,Rangers,13,85,545,31,2,59,0.329,6195
2012,Neil Walker,Pirates,14,62,472,27,0,104,0.305,7539
2017,Adam Jones,Orioles,26,82,597,28,1,113,0.309,6368
2019,Kolten Wong,Cardinals,11,61,478,25,4,83,0.340,12532
2017,Tim Beckham,- - -,22,67,533,18,5,167,0.391,7949
2012,Angel Pagan,Giants,8,95,605,38,15,97,0.278,2918
2017,Jean Segura,Mariners,11,80,524,30,2,83,0.283,5933
2014,Aramis Ramirez,Brewers,15,47,494,23,1,75,0.370,1002
2011,Dan Uggla,Braves,36,88,600,22,1,156,0.291,3442
2014,Adam Dunn,- - -,22,49,429,18,0,159,0.325,319
2016,Matt Kemp,- - -,35,89,623,39,0,156,0.359,5631
2015,Odubel Herrera,Phillies,8,64,495,30,3,129,0.266,11476
2018,Carlos Santana,Phillies,24,82,560,28,2,93,0.328,2396
2008,Ryan Garko,Indians,14,61,495,21,1,86,0.271,6319
2013,Neil Walker,Pirates,16,62,478,24,4,85,0.337,7539
2016,J.T. Realmuto,Marlins,11,60,509,31,0,100,0.299,11739
2009,Ryan Sweeney,Athletics,6,68,484,31,3,67,0.274,6352
2015,Albert Pujols,Angels,40,85,602,22,0,72,0.330,1177
2016,Brad Miller,Rays,30,73,548,29,6,149,0.351,12775
2014,Ben Zobrist,Rays,10,83,570,34,3,84,0.279,7435
2018,Brian Anderson,Marlins,11,87,590,34,4,129,0.382,18289
2011,Melvin Upton Jr.,Rays,23,82,560,27,4,161,0.287,5015
2011,Nick Markakis,Orioles,15,72,641,31,1,75,0.252,5930
2012,Alejandro De Aza,White Sox,9,81,524,29,6,109,0.286,3371
2016,Adam Duvall,Reds,33,85,552,31,6,164,0.389,10950
2019,Daniel Vogelbach,Mariners,30,73,462,17,0,149,0.384,14130
2015,Dexter Fowler,Cubs,17,102,596,29,8,154,0.282,4062
2010,Lyle Overbay,Blue Jays,20,75,534,37,2,131,0.365,1617
2013,Austin Jackson,Tigers,12,99,552,30,7,129,0.326,9848
2017,Whit Merrifield,Royals,19,80,587,32,6,88,0.306,11281
2012,Asdrubal Cabrera,Indians,16,70,555,35,1,99,0.325,4962
2012,Ryan Doumit,Twins,18,56,484,34,1,98,0.322,2113
2017,Andrew Benintendi,Red Sox,20,84,573,26,1,112,0.343,17901
2009,James Loney,Dodgers,13,73,576,25,2,68,0.213,4556
2017,Josh Harrison,Pirates,16,66,486,26,2,90,0.324,8202
2017,J.T. Realmuto,Marlins,17,68,532,31,5,106,0.333,11739
2012,David DeJesus,Cubs,9,76,506,28,8,89,0.352,1825
2010,Jeff Keppinger,Astros,6,62,514,34,1,36,0.281,3856
2015,Brandon Crawford,Giants,21,65,507,33,4,119,0.332,5343
2019,Joey Votto,Reds,15,79,525,32,1,123,0.415,4314
2018,Asdrubal Cabrera,- - -,23,68,546,36,1,119,0.385,4962
2013,Adam Dunn,White Sox,34,60,525,15,0,189,0.398,319
2013,Justin Smoak,Mariners,20,53,454,19,0,119,0.363,9054
2019,Christian Vazquez,Red Sox,23,66,482,26,1,101,0.336,9774
2014,Brett Gardner,Yankees,17,87,555,25,8,134,0.289,9927
2012,Matt Wieters,Orioles,23,67,526,27,1,112,0.319,4298
2008,Rickie Weeks Jr.,Brewers,14,89,475,22,7,115,0.312,1849
2015,Matt Duffy,Giants,12,77,573,28,6,96,0.285,13836
2019,Asdrubal Cabrera,- - -,18,69,447,25,1,103,0.427,4962
2018,Trea Turner,Nationals,19,103,664,27,6,132,0.315,16252
2011,Derek Jeter,Yankees,6,84,546,24,4,81,0.200,826
2013,Pablo Sandoval,Giants,14,52,525,27,2,79,0.291,5409
2010,Jonny Gomes,Reds,18,77,511,24,3,123,0.338,1845
2014,Trevor Plouffe,Twins,14,69,520,40,2,109,0.329,7462
2016,Gregory Polanco,Pirates,22,79,527,34,4,119,0.357,12907
2010,Shane Victorino,Phillies,18,84,587,26,10,79,0.305,1677
2013,Nate Schierholtz,Cubs,21,56,462,32,3,94,0.306,6201
2012,Ike Davis,Mets,32,66,519,26,0,141,0.389,8433
2016,Albert Pujols,Angels,31,71,593,19,0,75,0.365,1177
2015,Carlos Santana,Indians,19,72,550,29,2,122,0.298,2396
2010,Ichiro Suzuki,Mariners,6,74,680,30,3,86,0.219,1101
2019,Yasiel Puig,- - -,24,76,555,30,2,133,0.385,14225
2014,Khris Davis,Brewers,22,70,501,37,2,122,0.403,9112
2012,Jordan Pacheco,Rockies,5,51,475,32,3,61,0.265,2677
2013,Alex Rios,- - -,18,83,616,33,4,108,0.247,2090
2018,Ketel Marte,Diamondbacks,14,68,520,26,12,79,0.360,13613
2013,Desmond Jennings,Rays,14,82,527,31,6,115,0.350,1965
2017,Curtis Granderson,- - -,26,74,449,24,3,123,0.353,4747
2019,Kole Calhoun,Angels,33,92,552,29,1,162,0.424,11200
2012,Justin Morneau,Twins,19,63,505,26,2,102,0.312,1737
2014,Conor Gillaspie,White Sox,7,50,464,31,5,78,0.291,9009
2010,Michael Cuddyer,Twins,14,93,609,37,5,93,0.329,1534
2016,Marcell Ozuna,Marlins,23,75,557,23,6,115,0.374,10324
2013,Pedro Alvarez,Pirates,36,70,558,22,2,186,0.412,2495
2009,Michael Bourn,Astros,3,97,606,27,12,140,0.226,6387
2017,Scott Schebler,Reds,30,63,473,25,2,125,0.394,12225
2014,Marlon Byrd,Phillies,25,71,591,28,2,185,0.362,950
2019,Ryan McMahon,Rockies,24,70,480,22,1,160,0.441,15112
2019,Andrew Benintendi,Red Sox,13,72,541,40,5,140,0.381,17901
2013,Chase Headley,Padres,13,59,520,35,2,142,0.347,4720
2011,Chris Young,Diamondbacks,20,89,567,38,3,139,0.330,3882
2010,Mark Reynolds,Diamondbacks,32,79,499,17,2,211,0.352,7619
2014,Jason Heyward,Braves,11,74,573,26,3,98,0.264,4940
2016,Justin Upton,Tigers,31,81,570,28,2,179,0.379,5222
2010,Starlin Castro,Cubs,3,53,463,31,5,71,0.278,4579
2019,Vladimir Guerrero Jr.,Blue Jays,15,52,464,26,2,91,0.344,19611
2009,Melky Cabrera,Yankees,13,66,485,28,1,59,0.247,4022
2017,Chase Headley,Yankees,12,77,512,30,1,132,0.300,4720
2013,Jean Segura,Brewers,12,74,588,20,10,84,0.276,5933
2012,Marco Scutaro,- - -,7,87,620,32,4,49,0.286,1555
2008,Bengie Molina,Giants,16,46,530,33,0,38,0.247,24
2010,Austin Jackson,Tigers,4,103,618,34,10,170,0.341,9848
2010,Ryan Ludwick,- - -,17,63,490,27,2,121,0.345,1260
2013,Salvador Perez,Royals,13,48,496,25,3,63,0.297,7304
2016,Andrew McCutchen,Pirates,24,81,598,26,3,143,0.358,9847
2008,Jose Lopez,Mariners,17,80,644,41,1,67,0.274,3114
2018,Mike Moustakas,- - -,28,66,573,33,1,103,0.412,4892
2017,Odubel Herrera,Phillies,14,67,526,42,3,126,0.294,11476
2019,Eddie Rosario,Twins,32,91,562,28,1,86,0.390,12155
2008,Chris Young,Diamondbacks,22,85,625,42,7,165,0.293,3882
2014,Ian Desmond,Nationals,24,73,593,26,3,183,0.325,6885
2010,Matt Kemp,Dodgers,28,82,602,25,6,170,0.361,5631
2017,Joe Panik,Giants,10,60,511,28,5,54,0.261,11936
2013,Martin Prado,Diamondbacks,14,70,609,36,2,53,0.292,3312
2010,Melvin Upton Jr.,Rays,18,89,536,38,4,164,0.310,5015
2008,Ichiro Suzuki,Mariners,6,103,686,20,7,65,0.206,1101
2012,Hanley Ramirez,- - -,24,79,604,29,4,132,0.333,8001
2009,Mark DeRosa,- - -,23,78,515,23,1,121,0.279,1392
2012,Kevin Youkilis,- - -,19,72,438,15,2,108,0.330,1935
2008,Michael Young,Rangers,12,102,645,36,2,109,0.303,1286
2011,Alberto Callaspo,Angels,6,54,475,23,0,48,0.163,3336
2011,James Loney,Dodgers,12,56,531,30,1,67,0.180,4556
2008,Aaron Rowand,Giants,13,57,549,37,0,126,0.281,254
2018,Teoscar Hernandez,Blue Jays,22,67,476,29,7,163,0.373,13066
2011,Mark Trumbo,Angels,29,65,539,31,1,120,0.296,6876
2008,Kosuke Fukudome,Cubs,10,79,501,25,3,104,0.267,3263
2019,Jason Heyward,Cubs,21,78,513,20,4,110,0.352,4940
2014,Howie Kendrick,Angels,7,85,617,33,5,110,0.373,4229
2017,Ender Inciarte,Braves,11,93,662,27,5,94,0.221,4922
2017,Manny Machado,Orioles,33,81,630,33,1,115,0.395,11493
2016,Jayson Werth,Nationals,21,84,525,28,0,139,0.360,1327
2010,Jason Kubel,Twins,21,68,518,23,3,116,0.351,2161
2015,DJ LeMahieu,Rockies,6,85,564,21,5,107,0.266,9874
2015,Mark Trumbo,- - -,22,62,508,23,3,132,0.334,6876
2014,Jacoby Ellsbury,Yankees,16,71,575,27,5,93,0.284,4727
2015,Brett Gardner,Yankees,16,94,571,26,3,135,0.262,9927
2008,Garret Anderson,Angels,15,66,557,27,3,77,0.263,2
2012,Ian Kinsler,Rangers,19,105,655,42,5,90,0.264,6195
2015,Nick Markakis,Braves,3,73,612,38,1,83,0.257,5930
2009,A.J. Pierzynski,White Sox,13,57,504,22,1,52,0.266,746
2019,Wilson Ramos,Mets,14,52,473,19,0,69,0.322,1433
2017,Carlos Gonzalez,Rockies,14,72,470,34,0,119,0.319,7287
2016,Joe Mauer,Twins,11,68,494,22,4,93,0.313,1857
2008,Nick Swisher,White Sox,24,86,497,21,1,135,0.308,4599
2009,Jose Lopez,Mariners,25,69,613,42,0,69,0.264,3114
2015,Brian McCann,Yankees,26,68,465,15,1,97,0.317,4810
2016,Brandon Crawford,Giants,12,67,553,28,11,115,0.352,5343
2016,Yunel Escobar,Angels,5,68,517,28,1,67,0.271,4191
2018,Marcell Ozuna,Cardinals,23,69,582,16,2,110,0.452,10324
2016,Troy Tulowitzki,Blue Jays,24,54,492,21,0,101,0.342,3531
2011,Johnny Damon,Rays,16,79,582,29,7,92,0.199,185
2017,Adam Duvall,Reds,31,78,587,37,3,170,0.318,10950
2018,Jean Segura,Mariners,10,91,586,29,3,69,0.258,5933
2015,Evan Longoria,Rays,21,74,604,35,1,132,0.308,9368
2017,Kyle Seager,Mariners,27,72,578,33,1,110,0.357,9785
2018,Derek Dietrich,Marlins,16,72,499,26,2,140,0.366,10542
2019,Domingo Santana,Mariners,21,63,451,20,1,164,0.429,10348
2012,Josh Reddick,Athletics,32,85,611,29,5,151,0.312,3892
2017,David Freese,Pirates,10,44,426,16,0,116,0.319,9549
2009,Chase Headley,Padres,12,62,543,31,2,133,0.299,4720
2016,Eric Hosmer,Royals,25,80,605,24,1,132,0.344,3516
2012,Michael Bourn,Braves,9,96,624,26,10,155,0.305,6387
2018,Andrelton Simmons,Angels,11,68,554,26,5,44,0.361,10847
2014,Yoenis Cespedes,- - -,22,89,600,36,6,128,0.311,13110
2008,Akinori Iwamura,Rays,6,91,627,30,9,131,0.249,7781
2011,Alfonso Soriano,Cubs,26,50,475,27,1,113,0.283,847
2016,Todd Frazier,White Sox,40,89,590,21,0,163,0.313,785
2019,Dexter Fowler,Cardinals,19,69,487,24,1,142,0.374,4062
2013,Nori Aoki,Brewers,8,80,597,20,3,40,0.257,13075
2013,Alex Gordon,Royals,20,90,633,27,6,141,0.343,5209
2017,Mitch Moreland,Red Sox,22,73,508,34,0,120,0.389,3086
2017,Javier Baez,Cubs,23,75,469,24,2,144,0.324,12979
2010,Jose Reyes,Mets,11,83,563,29,10,63,0.278,1736
2012,Dan Uggla,Braves,19,86,523,29,0,168,0.318,3442
2010,Carlos Pena,Rays,28,64,484,18,0,158,0.376,934
2013,Manny Machado,Orioles,14,88,667,51,3,113,0.290,11493
2017,Denard Span,Giants,12,73,497,31,5,69,0.251,8347
2011,Erick Aybar,Angels,10,71,556,33,8,68,0.192,4082
2013,Jedd Gyorko,Padres,23,62,486,26,0,123,0.367,10816
2015,Matt Kemp,Padres,23,80,596,31,3,147,0.416,5631
2012,Brandon Phillips,Reds,18,86,580,30,1,79,0.262,791
2014,Nick Markakis,Orioles,14,81,642,27,1,84,0.273,5930
2011,Michael Bourn,- - -,2,94,656,34,10,140,0.194,6387
2015,Ender Inciarte,Diamondbacks,6,73,524,27,5,58,0.260,4922
2015,Neil Walker,Pirates,16,69,543,32,3,110,0.322,7539
2012,Denard Span,Twins,4,71,516,38,4,62,0.207,8347
2013,Anthony Rizzo,Cubs,23,71,606,40,2,127,0.339,3473
2008,Corey Hart,Brewers,20,76,612,45,6,109,0.295,1945
2015,Daniel Murphy,Mets,14,56,499,38,2,38,0.311,4316
2008,Felipe Lopez,- - -,6,64,481,28,2,82,0.285,1311
2012,Jose Altuve,Astros,7,80,576,34,4,74,0.226,5417
2013,Marco Scutaro,Giants,2,57,488,23,3,34,0.195,1555
2011,Jimmy Rollins,Phillies,16,87,567,22,2,59,0.252,971
2014,Chase Utley,Phillies,11,74,589,36,6,85,0.304,1679
2018,Rougned Odor,Rangers,18,76,474,23,2,127,0.452,12282
2014,Kurt Suzuki,Twins,3,37,452,34,0,46,0.259,8259
2010,Alexei Ramirez,White Sox,18,83,585,29,2,82,0.262,5133
2018,Justin Bour,- - -,20,49,423,13,1,124,0.374,9744
2015,Yangervis Solarte,Padres,14,63,526,33,4,56,0.307,5352
2011,Danny Espinosa,Nationals,21,72,573,29,5,166,0.293,9219
2010,Juan Uribe,Giants,24,64,521,24,2,92,0.341,454
2011,Neil Walker,Pirates,12,76,596,36,4,112,0.309,7539
2014,Martin Prado,- - -,12,62,536,26,4,80,0.276,3312
2009,Andy LaRoche,Pirates,12,64,524,29,5,84,0.275,6444
2012,Coco Crisp,Athletics,11,68,455,25,7,64,0.233,1572
2018,Ozzie Albies,Braves,24,105,639,40,5,116,0.344,16556
2016,Angel Pagan,Giants,12,71,495,24,5,66,0.243,2918
2018,Nomar Mazara,Rangers,20,61,489,25,1,116,0.375,14553
2008,Brandon Phillips,Reds,21,80,559,24,7,93,0.303,791
2016,Eduardo Nunez,- - -,16,73,553,24,4,88,0.278,6848
2014,Daniel Murphy,Mets,9,79,596,37,2,86,0.287,4316
2008,Lastings Milledge,Nationals,14,65,523,24,2,96,0.260,6441
2008,Delmon Young,Twins,10,80,575,28,4,105,0.292,2140
2012,Starlin Castro,Cubs,14,78,646,29,12,100,0.269,4579
2018,Yuli Gurriel,Astros,13,70,537,33,1,63,0.306,19198
2018,Matt Duffy,Rays,4,59,503,22,1,93,0.310,13836
2014,Pablo Sandoval,Giants,16,68,588,26,3,85,0.308,5409
2019,Renato Nunez,Orioles,31,72,541,24,0,143,0.366,14503
2008,Casey Kotchman,- - -,14,65,525,28,1,39,0.250,1930
2009,Aaron Rowand,Giants,15,61,499,30,2,125,0.263,254
2018,Yadier Molina,Cardinals,20,55,459,20,0,66,0.444,7007
2008,Jacoby Ellsbury,Red Sox,9,98,554,22,7,80,0.212,4727
2015,Brian Dozier,Twins,28,101,628,39,4,148,0.292,9810
2017,Andrelton Simmons,Angels,14,77,589,38,2,67,0.293,10847
2013,Nate McLouth,Orioles,12,76,531,31,4,86,0.271,3190
2013,Chris Denorfia,Padres,10,67,473,21,2,84,0.303,4400
2012,Yonder Alonso,Padres,9,47,549,39,0,101,0.300,2530
2012,Melvin Upton Jr.,Rays,28,79,573,29,3,169,0.281,5015
2017,Trevor Story,Rockies,24,68,503,32,3,191,0.403,12564
2015,Jhonny Peralta,Cardinals,17,64,579,26,1,111,0.325,1738
2012,Hunter Pence,- - -,24,87,617,26,4,145,0.302,8252
2014,Joe Mauer,Twins,4,60,455,27,2,96,0.280,1857
2012,Michael Brantley,Indians,6,63,552,37,4,56,0.254,4106
2018,DJ LeMahieu,Rockies,15,90,533,32,2,82,0.350,9874
2010,Cody Ross,- - -,14,71,525,28,3,121,0.335,1760
2008,Kurt Suzuki,Athletics,7,54,530,25,1,69,0.218,8259
2012,Jimmy Rollins,Phillies,23,102,632,33,5,96,0.261,971
2019,Evan Longoria,Giants,20,59,453,19,2,112,0.439,9368
2012,Elvis Andrus,Rangers,3,85,629,31,9,96,0.271,8709
2010,Placido Polanco,Phillies,6,76,554,27,2,47,0.190,1176
2010,Aramis Ramirez,Cubs,25,61,465,21,1,90,0.366,1002
2016,Russell Martin,Blue Jays,20,62,455,16,0,148,0.336,4616
2013,David Freese,Cardinals,9,53,462,26,1,106,0.365,9549
2010,Scott Podsednik,- - -,6,63,539,14,7,83,0.246,1095
2010,Brennan Boesch,Tigers,14,49,464,26,3,99,0.321,914
2011,Alexei Ramirez,White Sox,15,81,614,31,2,84,0.218,5133
2019,Paul DeJong,Cardinals,30,97,583,31,1,149,0.416,18015
2015,Brock Holt,Red Sox,2,56,454,27,6,97,0.259,9345
2013,Mark Trumbo,Angels,34,85,620,30,2,184,0.357,6876
2010,Jose Guillen,- - -,19,55,524,22,2,113,0.348,57
2013,J.J. Hardy,Orioles,25,66,601,27,0,73,0.283,3797
2011,Bobby Abreu,Angels,8,54,502,30,1,113,0.242,945
2017,Xander Bogaerts,Red Sox,10,94,571,32,6,116,0.314,12161
2012,Erick Aybar,Angels,8,67,517,31,5,61,0.234,4082
2014,Shin-Soo Choo,Rangers,13,58,455,19,1,131,0.366,3174
2012,Dayan Viciedo,White Sox,25,64,505,18,1,120,0.288,3917
2010,Marco Scutaro,Red Sox,11,92,632,38,0,71,0.229,1555
2013,Justin Morneau,- - -,17,62,572,36,0,110,0.289,1737
2010,Casey Blake,Dodgers,17,56,509,28,1,138,0.300,719
2009,Mark Teahen,Royals,12,69,524,34,1,123,0.237,4511
2012,Rickie Weeks Jr.,Brewers,21,85,588,29,4,169,0.337,1849
2015,Trevor Plouffe,Twins,22,74,573,35,4,124,0.335,7462
2009,Stephen Drew,Diamondbacks,12,71,533,29,12,87,0.284,4251
2014,Jose Reyes,Blue Jays,9,94,610,33,4,73,0.234,1736
2012,Kyle Seager,Mariners,20,62,594,35,1,110,0.304,9785
2010,Alex Gonzalez,- - -,23,74,595,42,3,118,0.296,520
2013,Adam LaRoche,Nationals,20,70,511,19,3,131,0.344,1904
2018,Willson Contreras,Cubs,10,50,474,27,5,121,0.289,11609
2016,Nick Markakis,Braves,13,67,599,38,0,101,0.329,5930
2011,Brett Gardner,Yankees,7,87,510,19,8,93,0.160,9927
2009,Placido Polanco,Tigers,10,82,618,31,4,46,0.190,1176
2017,Nick Markakis,Braves,8,76,593,39,1,110,0.331,5930
2013,Alejandro De Aza,White Sox,17,84,607,27,4,147,0.233,3371
2012,Michael Saunders,Mariners,19,71,507,31,3,132,0.342,9981
2016,Jonathan Schoop,Orioles,25,82,615,38,1,137,0.266,11265
2013,Michael Young,- - -,8,52,519,26,5,83,0.311,1286
2009,Kurt Suzuki,Athletics,15,74,570,37,1,59,0.268,8259
2014,Curtis Granderson,Mets,20,73,564,27,2,141,0.325,4747
2013,Michael Brantley,Indians,10,66,556,26,3,67,0.242,4106
2018,Cesar Hernandez,Phillies,15,91,605,15,3,155,0.240,10556
2019,Adam Frazier,Pirates,10,80,554,33,7,75,0.300,15223
2014,Nori Aoki,Royals,1,63,491,22,6,49,0.186,13075
2013,Daniel Murphy,Mets,13,92,658,38,4,95,0.313,4316
2008,Jeremy Hermida,Marlins,17,74,502,22,3,138,0.292,7208
2013,Mitch Moreland,Rangers,23,60,462,24,1,117,0.368,3086
2017,Ryon Healy,Athletics,25,66,576,29,0,142,0.339,15447
2017,Kendrys Morales,Blue Jays,28,67,557,25,0,132,0.379,8610
2011,Vladimir Guerrero,Orioles,13,60,562,30,1,56,0.228,778
2014,Jimmy Rollins,Phillies,17,78,538,22,4,100,0.261,971
2013,Jon Jay,Cardinals,7,75,548,27,2,103,0.255,5227
2013,Brian Dozier,Twins,18,72,558,33,4,120,0.270,9810
2014,Casey McGehee,Marlins,4,56,616,29,1,102,0.311,6086
2013,Josh Hamilton,Angels,21,73,576,32,5,158,0.326,1875
2009,Daniel Murphy,Mets,12,60,508,38,4,69,0.263,4316
2017,Melky Cabrera,- - -,17,78,620,30,2,74,0.289,4022
2012,Brett Lawrie,Blue Jays,11,73,494,26,3,86,0.260,5247
2011,Mitch Moreland,Rangers,16,60,464,22,1,92,0.268,3086
2019,Brandon Belt,Giants,17,76,526,32,3,127,0.409,10264
2018,Yonder Alonso,Indians,23,64,516,19,0,123,0.377,2530
2018,Jose Peraza,Reds,14,85,632,31,4,75,0.295,13593
2011,Jayson Werth,Nationals,20,69,561,26,1,160,0.267,1327
2014,Ian Kinsler,Tigers,17,100,684,40,4,79,0.240,6195
2008,Jose Guillen,Royals,20,66,598,42,1,106,0.307,57
2010,Orlando Hudson,Twins,6,80,497,24,5,87,0.309,1307
2013,Todd Frazier,Reds,19,63,531,29,3,125,0.321,785
2009,Ryan Theriot,Cubs,7,81,602,20,5,93,0.211,3811
2011,Elvis Andrus,Rangers,5,96,587,27,3,74,0.172,8709
2018,Joe Mauer,Twins,6,64,486,27,1,86,0.448,1857
2009,Brandon Inge,Tigers,27,71,562,16,1,170,0.270,470
2015,Asdrubal Cabrera,Rays,15,66,505,28,5,107,0.264,4962
2019,Alex Gordon,Royals,13,77,556,31,1,100,0.389,5209
2016,Ender Inciarte,Braves,3,85,522,24,7,68,0.228,4922
2016,Didi Gregorius,Yankees,20,68,562,32,2,82,0.245,6012
2009,Alexei Ramirez,White Sox,15,71,542,14,1,66,0.206,5133
2016,Corey Dickerson,Rays,24,57,510,36,3,134,0.318,10762
2016,Adam Jones,Orioles,29,86,619,19,0,115,0.326,6368
2014,James Loney,Rays,9,59,600,27,0,80,0.245,4556
2019,Miguel Cabrera,Tigers,12,41,493,21,0,108,0.441,1744
2019,Hanser Alberto,Orioles,12,62,524,21,2,50,0.246,11902
2016,Nomar Mazara,Rangers,20,59,516,13,3,112,0.287,14553
2019,Amed Rosario,Mets,15,75,616,30,7,124,0.334,15518
2010,Ty Wigginton,Orioles,22,63,581,29,1,116,0.322,1491
2013,Gerardo Parra,Diamondbacks,10,79,601,43,4,100,0.320,8553
2013,Yoenis Cespedes,Athletics,26,74,529,21,4,137,0.317,13110
2010,Derek Jeter,Yankees,10,111,663,30,3,106,0.260,826
2017,Hanley Ramirez,Red Sox,23,58,496,24,0,116,0.353,8001
2012,Daniel Murphy,Mets,6,62,571,40,3,82,0.235,4316
2014,Dustin Pedroia,Red Sox,7,72,551,33,0,75,0.299,8370
2019,David Fletcher,Angels,6,83,596,30,4,64,0.322,17992
2015,Martin Prado,Marlins,9,52,500,22,2,68,0.277,3312
2018,Marwin Gonzalez,Astros,16,61,489,25,3,126,0.384,5497
2017,Nomar Mazara,Rangers,20,64,554,30,2,127,0.326,14553
2011,Kosuke Fukudome,- - -,8,59,530,27,3,110,0.213,3263
2016,Brett Gardner,Yankees,7,80,547,22,6,106,0.258,9927
2011,Jamey Carroll,Dodgers,0,52,452,14,6,58,0.109,1591
2010,Ben Zobrist,Rays,10,77,541,28,2,107,0.294,7435
2015,Billy Burns,Athletics,5,70,520,18,9,81,0.138,12701
2019,Dansby Swanson,Braves,17,77,483,26,3,124,0.425,18314
2008,Miguel Tejada,Astros,13,92,632,38,3,72,0.310,941
2008,Kevin Millar,Orioles,20,73,531,25,0,93,0.237,529
2015,Kole Calhoun,Angels,26,78,630,23,2,164,0.280,11200
2015,Evan Gattis,Astros,27,66,566,20,11,119,0.319,11003
2009,Rafael Furcal,Dodgers,9,92,613,28,5,89,0.268,88
2015,Marlon Byrd,- - -,23,58,506,25,5,145,0.306,950
2019,Victor Robles,Nationals,17,86,546,33,3,140,0.249,18363
2014,Yangervis Solarte,- - -,10,56,469,19,1,58,0.262,5352
2016,Addison Russell,Cubs,21,67,525,25,3,135,0.293,14106
2018,Max Kepler,Twins,20,80,532,30,4,96,0.371,12144
2010,James Loney,Dodgers,10,67,588,41,2,95,0.270,4556
2014,Mark Teixeira,Yankees,22,56,440,14,0,109,0.349,1281
2008,Kevin Kouzmanoff,Padres,23,71,624,31,4,139,0.283,5995
2008,Chone Figgins,Angels,1,72,453,14,1,80,0.187,1580
2016,Eugenio Suarez,Reds,21,78,565,25,2,155,0.349,12552
2011,Adam Lind,Blue Jays,26,56,499,16,0,107,0.333,8027
2009,Clint Barmes,Rockies,23,69,550,32,3,121,0.262,1830
2016,Cheslor Cuthbert,Royals,12,49,475,28,1,96,0.309,10473
2014,Evan Longoria,Rays,22,83,624,26,1,133,0.321,9368
2014,Garrett Jones,Marlins,15,59,496,33,2,116,0.372,2714
2012,Alcides Escobar,Royals,5,68,605,30,7,100,0.209,6310
2014,Chase Headley,- - -,13,55,470,20,1,122,0.352,4720
2010,Howie Kendrick,Angels,10,67,616,41,4,94,0.316,4229
2012,Howie Kendrick,Angels,8,57,550,32,3,115,0.316,4229
2010,Pablo Sandoval,Giants,13,61,563,34,3,81,0.316,5409
2010,Brandon Inge,Tigers,13,47,514,28,5,134,0.318,470
2017,Brandon Phillips,- - -,13,81,572,34,1,73,0.255,791
2017,Yadier Molina,Cardinals,18,60,501,27,1,74,0.364,7007
2011,Cameron Maybin,Padres,9,82,516,24,8,125,0.242,5223
2015,Ben Revere,- - -,2,84,592,22,7,64,0.181,4712
2015,Brandon Phillips,Reds,12,69,588,19,2,68,0.244,791
2018,Starlin Castro,Marlins,12,76,593,32,2,124,0.373,4579
2008,Gregor Blanco,Braves,1,52,430,14,4,99,0.200,3123
2017,Ben Gamel,Mariners,11,68,509,27,5,122,0.294,12160
2018,Adam Jones,Orioles,15,54,580,35,0,93,0.314,6368
2019,Cesar Hernandez,Phillies,14,77,612,31,3,100,0.330,10556
2012,Jason Kipnis,Indians,14,86,591,22,4,109,0.273,9776
2013,Russell Martin,Pirates,15,51,438,21,0,108,0.325,4616
2019,Colin Moran,Pirates,13,46,466,30,1,117,0.346,16909
2011,Kelly Johnson,- - -,21,75,545,27,7,163,0.298,2234
2008,Marco Scutaro,Blue Jays,7,76,517,23,1,65,0.280,1555
2019,Jean Segura,Phillies,12,79,576,37,4,73,0.331,5933
2018,Ian Desmond,Rockies,22,82,555,21,8,146,0.341,6885
2016,Marcus Semien,Athletics,27,72,568,27,2,139,0.285,12533
2010,Garrett Jones,Pirates,21,64,592,34,1,123,0.308,2714
2017,Max Kepler,Twins,19,67,511,32,2,114,0.329,12144
2018,Odubel Herrera,Phillies,22,64,550,19,3,122,0.249,11476
2016,Brandon Phillips,Reds,11,74,550,34,1,68,0.267,791
2017,Kole Calhoun,Angels,19,77,569,23,2,134,0.318,11200
2019,Nick Ahmed,Diamondbacks,19,79,556,33,6,113,0.377,12147
2009,Jeff Francoeur,- - -,15,72,593,32,4,92,0.298,4792
2008,A.J. Pierzynski,White Sox,13,66,534,31,1,71,0.269,746
2014,Dioner Navarro,Blue Jays,12,40,481,22,0,76,0.265,3179
2016,Scooter Gennett,Brewers,14,58,498,30,1,114,0.289,10339
2014,Alexei Ramirez,White Sox,15,82,622,35,2,81,0.233,5133
2008,Orlando Cabrera,White Sox,8,93,661,33,1,71,0.221,766
2014,Coco Crisp,Athletics,9,68,463,21,3,66,0.238,1572
2014,David Freese,Angels,10,53,462,25,1,124,0.391,9549
2014,Eric Hosmer,Royals,9,54,503,35,1,93,0.332,3516
2019,Jackie Bradley Jr.,Red Sox,21,69,494,28,3,155,0.358,12984
2009,Elvis Andrus,Rangers,6,72,480,17,8,77,0.203,8709
2008,Mark Teahen,Royals,15,66,572,31,4,131,0.269,4511
2009,Alfonso Soriano,Cubs,20,64,477,25,1,118,0.241,847
2013,Denard Span,Nationals,4,75,610,28,11,77,0.187,8347
2013,A.J. Pierzynski,Rangers,17,48,503,24,1,76,0.296,746
2017,Yolmer Sanchez,White Sox,12,63,484,19,8,111,0.240,11602
2017,Jackie Bradley Jr.,Red Sox,17,58,482,19,3,124,0.333,12984
2016,Starlin Castro,Yankees,21,63,577,29,1,118,0.312,4579
2014,Desmond Jennings,Rays,10,64,479,30,2,108,0.310,1965
2019,Willy Adames,Rays,20,69,531,25,1,153,0.422,15986
2010,Chase Headley,Padres,11,77,610,29,3,139,0.277,4720
2017,Miguel Cabrera,Tigers,16,50,469,22,0,110,0.425,1744
2012,Danny Espinosa,Nationals,17,82,594,37,2,189,0.312,9219
2009,Kevin Kouzmanoff,Padres,18,50,529,31,1,106,0.340,5995
2017,Ian Kinsler,Tigers,22,90,551,25,3,86,0.370,6195
2017,Evan Longoria,Rays,20,71,613,36,2,109,0.343,9368
2017,Jose Reyes,Mets,15,75,501,25,7,79,0.267,1736
2016,Zack Cozart,Reds,16,67,464,28,2,84,0.312,2616
2017,Dee Gordon,Marlins,2,114,653,20,9,93,0.161,8203
2013,Alberto Callaspo,- - -,10,52,453,20,0,47,0.248,3336
2014,Dee Gordon,Dodgers,2,92,609,24,12,107,0.173,8203
2017,Chris Davis,Orioles,26,65,456,15,1,195,0.415,9272
2011,Jason Bay,Mets,12,59,444,19,1,109,0.240,1717
2016,Chase Utley,Dodgers,14,79,512,26,3,115,0.376,1679
2008,Adam Jones,Orioles,9,61,477,21,7,108,0.242,6368
2018,Jonathan Villar,- - -,14,54,466,14,1,138,0.308,10071
2017,Byron Buxton,Twins,16,69,462,14,6,150,0.276,14161
2009,Jimmy Rollins,Phillies,21,100,672,43,5,70,0.274,971
2016,Denard Span,Giants,11,70,572,23,5,79,0.248,8347
2009,Vernon Wells,Blue Jays,15,84,630,37,3,86,0.271,1326
2011,David DeJesus,Athletics,10,60,442,20,5,86,0.242,1825
2013,Yunel Escobar,Rays,9,61,508,27,1,73,0.326,4191
2009,Colby Rasmus,Cardinals,16,72,474,22,2,95,0.332,9893
2015,Billy Butler,Athletics,15,63,538,28,1,101,0.304,7399
2017,Yangervis Solarte,Padres,18,49,466,21,0,61,0.311,5352
2018,Yoan Moncada,White Sox,17,73,578,32,6,217,0.367,17232
2016,Maikel Franco,Phillies,25,67,581,23,1,106,0.307,12179
2008,Ramon Hernandez,Orioles,15,49,463,22,1,62,0.321,918
2013,Ryan Doumit,Twins,14,49,485,28,1,99,0.331,2113
2015,Marcus Semien,Athletics,15,65,556,23,7,132,0.291,12533
2015,Nicholas Castellanos,Tigers,15,42,549,33,6,152,0.328,11737
2008,Robinson Cano,Yankees,14,70,597,35,3,65,0.288,3269
2018,Jeimer Candelario,Tigers,19,78,539,28,3,160,0.352,13621
2016,Chase Headley,Yankees,14,58,467,18,1,118,0.314,4720
2015,Joe Mauer,Twins,10,69,592,34,2,112,0.298,1857
2014,Billy Butler,Royals,9,57,549,32,0,96,0.369,7399
2018,Jackie Bradley Jr.,Red Sox,13,76,474,33,4,137,0.411,12984
2013,Mark Reynolds,- - -,21,55,445,14,0,154,0.344,7619
2012,Omar Infante,- - -,12,69,554,30,7,65,0.254,1609
2008,Mark Ellis,Athletics,12,55,442,20,3,65,0.206,1443
2014,Alejandro De Aza,- - -,8,56,477,24,8,119,0.256,3371
2012,Shane Victorino,- - -,11,72,595,29,7,80,0.235,1677
2015,Kevin Pillar,Blue Jays,12,76,586,31,2,85,0.247,12434
2016,Travis Shaw,Red Sox,16,63,480,34,2,133,0.333,11982
2010,Carlos Lee,Astros,24,67,605,29,1,59,0.316,243
2015,Kolten Wong,Cardinals,11,71,557,28,4,95,0.272,12532
2010,Adam Lind,Blue Jays,23,57,569,32,3,144,0.360,8027
2018,Eric Hosmer,Padres,18,72,613,31,2,142,0.345,3516
2017,Manuel Margot,Padres,13,53,487,18,7,106,0.254,14712
2014,Brandon Crawford,Giants,10,54,491,20,10,129,0.286,5343
2017,Orlando Arcia,Brewers,15,56,506,17,2,100,0.302,13185
2015,Kevin Kiermaier,Rays,10,62,505,25,12,95,0.246,11038
2017,Jorge Polanco,Twins,13,60,488,30,3,78,0.277,13152
2014,Alex Rios,Rangers,4,54,492,30,8,93,0.262,2090
2011,Juan Rivera,- - -,11,46,466,23,1,76,0.238,843
2019,Eric Hosmer,Padres,22,72,619,29,2,163,0.401,3516
2010,Jhonny Peralta,- - -,15,60,551,30,2,103,0.293,1738
2010,Rajai Davis,Athletics,5,66,525,28,3,78,0.263,3708
2013,Trevor Plouffe,Twins,14,44,477,22,1,112,0.327,7462
2012,Carlos Pena,Rays,19,72,497,17,2,182,0.337,934
2008,Edgar Renteria,Tigers,10,69,503,22,2,64,0.224,1178
2015,Jay Bruce,Reds,26,72,580,35,4,145,0.354,9892
2009,Orlando Cabrera,- - -,9,83,656,36,3,71,0.221,766
2015,Derek Norris,Padres,14,65,515,33,2,131,0.288,6867
2015,Aramis Ramirez,- - -,17,43,475,31,1,68,0.308,1002
2009,Russell Martin,Dodgers,7,63,505,19,0,80,0.273,4616
2012,Desmond Jennings,Rays,13,85,505,19,7,120,0.306,1965
2014,David Wright,Mets,8,54,535,30,1,113,0.340,3787
2018,Ender Inciarte,Braves,10,83,597,27,6,86,0.316,4922
2018,Jason Kipnis,Indians,18,65,530,28,1,112,0.348,9776
2016,Jacoby Ellsbury,Yankees,9,71,551,24,5,84,0.266,4727
2017,Jordy Mercer,Pirates,14,52,502,24,5,88,0.310,6547
2010,Michael Bourn,Astros,2,84,535,25,6,109,0.240,6387
2009,Bengie Molina,Giants,20,52,491,25,1,68,0.286,24
2019,Albert Pujols,Angels,23,55,491,22,0,68,0.392,1177
2013,Leonys Martin,Rangers,8,66,457,21,6,104,0.245,11846
2013,Nolan Arenado,Rockies,10,49,486,29,4,72,0.287,9777
2019,Adam Jones,Diamondbacks,16,66,485,25,1,101,0.377,6368
2016,Adonis Garcia,Braves,14,65,532,29,0,93,0.298,13777
2014,Chris Davis,Orioles,26,65,450,16,0,173,0.360,9272
2015,Brandon Moss,- - -,19,47,469,24,2,148,0.392,4467
2014,Erick Aybar,Angels,7,77,589,30,4,62,0.228,4082
2018,Trey Mancini,Orioles,24,69,582,23,3,153,0.336,15149
2011,Drew Stubbs,Reds,15,92,604,22,3,205,0.276,9328
2012,Alberto Callaspo,Angels,10,55,457,20,0,59,0.244,3336
2019,Josh Reddick,Astros,14,57,501,19,3,66,0.324,3892
2015,Ryan Howard,Phillies,23,53,467,29,1,138,0.374,2154
2016,Salvador Perez,Royals,22,57,514,28,2,119,0.338,7304
2014,Asdrubal Cabrera,- - -,14,74,553,31,4,108,0.339,4962
2010,Cliff Pennington,Athletics,6,64,508,26,8,96,0.208,3395
2018,Marcus Semien,Athletics,15,89,632,35,2,131,0.326,12533
2016,Mitch Moreland,Rangers,22,49,460,21,0,118,0.366,3086
2014,Miguel Montero,Diamondbacks,13,40,489,23,0,97,0.324,3364
2019,Freddy Galvis,- - -,23,67,557,28,1,145,0.381,6609
2013,Gregor Blanco,Giants,3,50,452,17,6,95,0.262,3123
2018,Tucker Barnhart,Reds,10,50,460,21,3,96,0.384,10200
2011,Hideki Matsui,Athletics,12,58,517,28,0,84,0.260,1659
2015,Cameron Maybin,Braves,10,65,505,18,2,102,0.214,5223
2013,Brandon Phillips,Reds,18,80,606,24,2,98,0.282,791
2012,Carlos Lee,- - -,9,53,550,27,1,49,0.262,243
2013,Asdrubal Cabrera,Indians,14,66,508,35,2,114,0.331,4962
2010,Denard Span,Twins,3,85,629,24,10,74,0.217,8347
2014,Nicholas Castellanos,Tigers,11,50,533,31,4,140,0.340,11737
2009,Jhonny Peralta,Indians,11,57,582,35,1,134,0.259,1738
2014,Alcides Escobar,Royals,3,74,579,34,5,83,0.222,6310
2015,Melky Cabrera,White Sox,12,70,629,36,2,88,0.271,4022
2019,Randal Grichuk,Blue Jays,31,75,586,29,5,163,0.372,10243
2015,Chase Headley,Yankees,11,74,580,29,1,135,0.278,4720
2019,Starlin Castro,Marlins,22,68,636,31,4,111,0.420,4579
2011,Raul Ibanez,Phillies,20,65,535,31,1,106,0.277,607
2010,Miguel Tejada,- - -,15,71,636,26,0,67,0.298,941
2010,Ian Desmond,Nationals,10,59,525,27,4,109,0.264,6885
2014,Leonys Martin,Rangers,7,68,533,13,7,114,0.259,11846
2019,Jose Iglesias,Reds,11,62,504,21,3,70,0.307,10231
2018,Brandon Crawford,Giants,14,63,531,28,2,122,0.362,5343
2014,Ryan Howard,Phillies,23,65,569,18,1,190,0.336,2154
2010,Jorge Cantu,- - -,11,50,472,29,1,95,0.312,2521
2009,Melvin Upton Jr.,Rays,11,79,560,33,4,152,0.304,5015
2014,Brian McCann,Yankees,23,57,495,15,1,77,0.310,4810
2009,Garret Anderson,Braves,13,52,496,27,0,73,0.278,2
2011,Angel Pagan,Mets,7,68,478,24,4,62,0.207,2918
2011,Omar Infante,Marlins,7,55,579,24,8,67,0.218,1609
2015,Brett Lawrie,Athletics,16,64,562,29,3,144,0.294,5247
2017,Tommy Joseph,Phillies,22,51,495,27,1,129,0.350,10349
2011,Austin Jackson,Tigers,10,90,591,22,11,181,0.213,9848
2012,Mike Moustakas,Royals,20,69,563,34,1,124,0.257,4892
2012,Delmon Young,Tigers,18,54,574,27,1,112,0.343,2140
2014,Dustin Ackley,Mariners,14,64,502,27,4,90,0.305,10099
2011,Cliff Pennington,Athletics,8,57,515,26,2,104,0.184,3395
2009,Cristian Guzman,Nationals,6,74,531,24,7,75,0.214,728
2019,Miguel Rojas,Marlins,5,52,483,29,1,62,0.356,7802
2018,Brett Gardner,Yankees,12,95,530,20,7,107,0.276,9927
2011,Coco Crisp,Athletics,8,69,531,27,5,65,0.244,1572
2016,Stephen Vogt,Athletics,14,54,490,30,2,83,0.268,5000
2015,Austin Jackson,- - -,9,56,491,25,3,126,0.301,9848
2018,Alex Gordon,Royals,13,56,506,24,0,124,0.379,5209
2015,Gregory Polanco,Pirates,9,83,593,35,6,121,0.303,12907
2013,Nick Markakis,Orioles,10,89,634,24,0,76,0.283,5930
2014,Ben Revere,Phillies,2,71,601,13,7,49,0.161,4712
2018,Salvador Perez,Royals,27,52,510,23,0,108,0.460,7304
2013,Alexei Ramirez,White Sox,6,68,637,39,2,68,0.231,5133
2015,Torii Hunter,Twins,22,67,521,22,0,105,0.290,731
2015,Anthony Gose,Tigers,5,73,485,24,8,145,0.252,5097
2009,Pedro Feliz,Phillies,12,62,580,30,2,68,0.208,1112
2010,Jason Bartlett,Rays,4,71,468,27,3,83,0.258,8219
2018,Brian Dozier,- - -,21,81,553,30,2,129,0.373,9810
2015,Addison Russell,Cubs,13,60,475,29,1,149,0.271,14106
2011,Delmon Young,- - -,12,54,473,21,1,85,0.234,2140
2015,Wilmer Flores,Mets,16,55,483,22,0,63,0.288,5827
2016,Jordy Mercer,Pirates,11,66,519,22,3,83,0.252,6547
2016,Howie Kendrick,Dodgers,8,65,487,26,2,96,0.338,4229
2014,Salvador Perez,Royals,17,57,578,28,2,85,0.313,7304
2011,Placido Polanco,Phillies,5,46,469,14,0,44,0.127,1176
2013,Andrelton Simmons,Braves,17,76,606,27,6,55,0.268,10847
2017,Hunter Pence,Giants,13,55,493,13,5,102,0.294,8252
2009,Aubrey Huff,- - -,15,59,536,30,1,87,0.302,1213
2013,Dan Uggla,Braves,22,60,448,10,3,171,0.314,3442
2015,Didi Gregorius,Yankees,9,57,525,24,2,85,0.225,6012
2008,Daric Barton,Athletics,9,59,446,17,5,99,0.222,5928
2016,Alex Gordon,Royals,17,62,445,16,2,148,0.369,5209
2011,John Buck,Marlins,16,41,466,15,1,115,0.285,2041
2014,J.J. Hardy,Orioles,9,56,529,28,0,104,0.299,3797
2011,Colby Rasmus,- - -,14,75,471,24,6,116,0.325,9893
2011,Robert Andino,Orioles,5,63,457,22,0,83,0.182,4900
2011,Martin Prado,Braves,13,66,551,26,2,52,0.191,3312
2017,Kevin Pillar,Blue Jays,16,72,587,37,1,95,0.273,12434
2013,Matt Wieters,Orioles,22,59,523,29,0,104,0.313,4298
2019,Lorenzo Cain,Brewers,11,75,562,30,0,106,0.365,9077
2010,Yuniesky Betancourt,Royals,16,60,556,29,2,64,0.260,8585
2011,Kurt Suzuki,Athletics,14,54,460,26,0,64,0.204,8259
2010,A.J. Pierzynski,White Sox,9,43,474,29,0,39,0.251,746
2010,Juan Pierre,White Sox,1,96,651,18,3,47,0.198,443
2009,Alex Rios,- - -,17,63,582,31,2,107,0.282,2090
2008,Yuniesky Betancourt,Mariners,7,66,559,36,3,42,0.208,8585
2011,Carl Crawford,Red Sox,11,65,506,29,7,104,0.255,1201
2018,Kevin Pillar,Blue Jays,15,65,512,40,2,98,0.341,12434
2019,Rougned Odor,Rangers,30,77,522,30,1,178,0.457,12282
2019,Jurickson Profar,Athletics,20,65,459,24,2,75,0.377,10815
2019,Jason Kipnis,Indians,17,52,458,23,1,88,0.368,9776
2018,Jon Jay,- - -,3,74,527,19,7,95,0.355,5227
2017,Brandon Crawford,Giants,14,58,518,34,1,113,0.326,5343
2010,Yunel Escobar,- - -,4,60,497,19,0,57,0.301,4191
2013,Matt Dominguez,Astros,21,56,543,25,0,96,0.276,4903
2012,Jhonny Peralta,Tigers,13,58,531,32,3,105,0.305,1738
2014,Dayan Viciedo,White Sox,21,65,523,22,3,122,0.332,3917
2016,Josh Harrison,Pirates,4,57,487,25,7,76,0.277,8202
2010,Skip Schumaker,Cardinals,5,66,476,18,1,64,0.254,3704
2013,Michael Bourn,Indians,6,75,525,21,6,132,0.217,6387
2015,Jose Reyes,- - -,7,57,481,25,2,62,0.197,1736
2015,Salvador Perez,Royals,21,52,531,25,0,82,0.240,7304
2014,Jed Lowrie,Athletics,6,59,502,29,3,79,0.292,4418
2019,Elvis Andrus,Rangers,12,81,600,27,4,96,0.385,8709
2016,Joe Panik,Giants,10,67,464,21,7,47,0.257,11936
2012,Ichiro Suzuki,- - -,9,77,629,28,6,61,0.178,1101
2010,Yadier Molina,Cardinals,6,34,465,19,0,51,0.266,7007
2018,Nick Ahmed,Diamondbacks,16,61,516,33,5,109,0.392,12147
2012,Ben Revere,Twins,0,70,511,13,6,54,0.184,4712
2012,Jamey Carroll,Twins,1,65,470,18,1,65,0.144,1591
2012,Kelly Johnson,Blue Jays,16,61,507,19,2,159,0.314,2234
2014,Jordy Mercer,Pirates,12,56,506,27,2,89,0.253,6547
2016,Yonder Alonso,Athletics,7,52,482,34,0,74,0.323,2530
2013,Erick Aybar,Angels,6,68,550,33,5,59,0.242,4082
2014,Yunel Escobar,Rays,7,33,476,18,0,60,0.277,4191
2014,Gerardo Parra,- - -,9,64,529,22,4,100,0.275,8553
2016,Marwin Gonzalez,Astros,13,55,484,26,3,118,0.332,5497
2010,Elvis Andrus,Rangers,0,88,588,15,3,96,0.230,8709
2013,Paul Konerko,White Sox,12,41,467,16,0,74,0.272,242
2011,Ryan Ludwick,- - -,13,56,490,23,0,124,0.267,1260
2012,Zack Cozart,Reds,15,72,561,33,4,113,0.238,2616
2010,Chone Figgins,Mariners,1,62,602,21,2,114,0.162,1580
2012,Rafael Furcal,Cardinals,5,69,477,18,3,57,0.189,88
2009,Randy Winn,Giants,2,65,538,33,5,93,0.257,1235
2018,Ian Kinsler,- - -,14,66,487,26,0,64,0.293,6195
2015,Logan Morrison,Mariners,17,47,457,15,3,81,0.306,9205
2016,Leonys Martin,Mariners,15,72,518,17,3,149,0.295,11846
2019,Kevin Pillar,- - -,21,83,611,37,3,89,0.372,12434
2017,Freddy Galvis,Phillies,12,71,608,29,6,111,0.255,6609
2012,Colby Rasmus,Blue Jays,23,75,565,21,5,149,0.353,9893
2016,Melvin Upton Jr.,- - -,20,64,492,15,3,155,0.300,5015
2011,Danny Valencia,Twins,15,63,564,28,2,102,0.223,6364
2010,Kurt Suzuki,Athletics,13,55,495,18,2,49,0.304,8259
2012,Michael Young,Rangers,8,79,611,27,3,70,0.265,1286
2018,Yolmer Sanchez,White Sox,8,62,600,34,10,138,0.283,11602
2013,Jose Altuve,Astros,5,64,626,31,2,85,0.260,5417
2010,Alberto Callaspo,- - -,10,61,562,27,2,42,0.237,3336
2011,Juan Pierre,White Sox,2,80,639,17,4,41,0.139,443
2010,Kevin Kouzmanoff,Athletics,16,59,551,32,1,96,0.298,5995
2009,David Eckstein,Padres,2,64,503,27,2,46,0.146,10
2018,Ryon Healy,Mariners,24,51,493,15,0,113,0.343,15447
2013,Brandon Crawford,Giants,9,52,499,24,3,96,0.246,5343
2013,Elvis Andrus,Rangers,4,91,620,17,4,97,0.259,8709
2015,Avisail Garcia,White Sox,13,66,553,17,2,141,0.291,5760
2012,Jesus Montero,Mariners,15,46,515,20,0,99,0.296,5514
2011,Aubrey Huff,Giants,12,45,521,27,1,90,0.232,1213
2013,Jimmy Rollins,Phillies,6,65,600,36,2,93,0.232,971
2017,Mark Trumbo,Orioles,23,79,559,22,0,149,0.304,6876
2010,Jeff Francoeur,- - -,13,52,454,18,2,81,0.323,4792
2018,Evan Longoria,Giants,16,51,480,25,4,101,0.412,9368
2016,Kevin Pillar,Blue Jays,7,59,548,35,2,90,0.272,12434
2012,Gordon Beckham,White Sox,16,62,525,24,0,89,0.253,9015
2017,Jose Bautista,Blue Jays,23,92,587,27,0,170,0.314,1887
2019,Leury Garcia,White Sox,8,93,577,27,3,139,0.285,5913
2018,Tim Anderson,White Sox,20,77,567,28,3,149,0.303,15172
2015,Ian Desmond,Nationals,19,69,583,27,2,187,0.281,6885
2011,Darwin Barney,Cubs,2,66,529,23,6,67,0.125,2430
2018,Freddy Galvis,Padres,13,62,602,31,5,147,0.403,6609
2008,Freddy Sanchez,Pirates,9,75,569,26,2,63,0.217,1624
2016,Danny Espinosa,Nationals,24,66,516,15,0,174,0.334,9219
2014,Xander Bogaerts,Red Sox,12,60,538,28,1,138,0.342,12161
2008,Jason Kendall,Brewers,2,46,516,30,2,45,0.167,993
2010,Franklin Gutierrez,Mariners,12,61,568,25,3,137,0.318,3255
2018,Dansby Swanson,Braves,14,51,478,25,4,122,0.356,18314
2010,Melky Cabrera,Braves,4,50,458,27,3,64,0.279,4022
2010,Aaron Hill,Blue Jays,26,70,528,22,0,85,0.309,6104
2014,Austin Jackson,- - -,4,71,597,30,6,144,0.261,9848
2015,Elvis Andrus,Rangers,7,69,596,34,2,78,0.271,8709
2010,Orlando Cabrera,Reds,4,64,494,33,0,53,0.263,766
2017,Maikel Franco,Phillies,24,66,575,29,1,95,0.309,12179
2014,DJ LeMahieu,Rockies,5,59,494,15,5,97,0.281,9874
2009,Kaz Matsui,Astros,9,56,476,20,2,85,0.205,1854
2012,Eric Hosmer,Royals,14,65,535,22,2,95,0.335,3516
2008,Carlos Gomez,Twins,7,79,577,24,7,142,0.214,4881
2014,Jason Castro,Astros,14,43,465,21,2,151,0.299,8722
2014,Elvis Andrus,Rangers,2,72,619,35,1,96,0.204,8709
2018,Amed Rosario,Mets,9,76,554,26,8,119,0.277,15518
2012,Cameron Maybin,Padres,8,67,507,20,5,110,0.313,5223
2012,J.J. Hardy,Orioles,22,85,663,30,2,106,0.311,3797
2014,Adeiny Hechavarria,Marlins,1,53,536,20,10,86,0.274,10459
2011,Aaron Hill,- - -,8,61,520,27,3,72,0.239,6104
2009,Jason Kendall,Brewers,2,48,452,19,2,58,0.178,993
2015,Andrelton Simmons,Braves,4,60,535,23,2,48,0.229,10847
2014,Aaron Hill,Diamondbacks,10,52,501,26,3,92,0.322,6104
2011,Ian Desmond,Nationals,8,65,584,27,5,139,0.219,6885
2014,Jason Kipnis,Indians,6,61,500,25,1,100,0.266,9776
2019,Khris Davis,Athletics,23,61,481,11,0,146,0.460,9112
2008,Jack Hannahan,Athletics,9,48,436,27,0,131,0.243,3692
2014,Chris Johnson,Braves,10,43,582,27,0,159,0.265,1191
2013,Zack Cozart,Reds,12,74,567,30,3,102,0.234,2616
2017,Tim Anderson,White Sox,17,72,587,26,4,162,0.283,15172
2013,Eric Young Jr.,- - -,2,70,539,27,7,100,0.224,7158
2015,Starlin Castro,Cubs,11,52,547,23,2,91,0.236,4579
2008,Bobby Crosby,Athletics,7,66,556,39,1,96,0.273,1818
2012,Justin Smoak,Mariners,19,49,483,14,0,111,0.289,9054
2018,Manuel Margot,Padres,8,50,477,26,8,88,0.393,14712
2010,Nyjer Morgan,Nationals,0,60,509,17,7,88,0.206,4885
2018,Kyle Seager,Mariners,22,62,583,36,1,138,0.370,9785
2015,Pablo Sandoval,Red Sox,10,43,470,25,1,73,0.245,5409
2012,Brennan Boesch,Tigers,12,52,470,22,2,104,0.261,914
2014,Jay Bruce,Reds,18,71,493,21,1,149,0.329,9892
2008,Jeff Francoeur,Braves,11,70,599,33,3,111,0.246,4792
2012,Mike Aviles,Red Sox,13,57,512,28,0,77,0.268,5986
2013,Mike Moustakas,Royals,12,42,472,26,0,83,0.249,4892
2014,Billy Hamilton,Reds,6,72,563,25,8,117,0.205,10199
2012,Darwin Barney,Cubs,7,73,548,26,4,58,0.207,2430
2015,Yadier Molina,Cardinals,4,34,488,23,2,59,0.253,7007
2015,Jace Peterson,Braves,6,55,528,23,5,120,0.263,12325
2010,Erick Aybar,Angels,5,69,534,18,4,81,0.212,4082
2010,Ryan Theriot,- - -,2,72,586,15,2,74,0.190,3811
2017,Albert Pujols,Angels,23,53,593,17,0,93,0.351,1177
2012,Jeff Francoeur,Royals,16,58,561,26,3,119,0.291,4792
2011,Vernon Wells,Angels,25,60,505,15,4,86,0.251,1326
2011,Gordon Beckham,White Sox,10,60,499,23,0,111,0.194,9015
2016,Freddy Galvis,Phillies,20,61,584,26,3,136,0.268,6609
2012,Yunel Escobar,Blue Jays,9,58,558,22,1,70,0.231,4191
2018,Yangervis Solarte,Blue Jays,17,50,468,20,0,72,0.283,5352
2015,Freddy Galvis,Phillies,7,63,559,14,5,103,0.251,6609
2017,Carlos Beltran,Astros,14,60,467,29,0,102,0.337,589
2018,Kole Calhoun,Angels,19,71,491,18,2,133,0.445,11200
2016,Jose Iglesias,Tigers,4,57,467,26,0,50,0.183,10231
2015,Jimmy Rollins,Dodgers,13,71,517,24,3,86,0.252,971
2012,Alexei Ramirez,White Sox,9,59,593,24,4,77,0.223,5133
2011,Mark Ellis,- - -,7,55,480,24,1,75,0.185,1443
2009,Edgar Renteria,Giants,5,50,460,19,1,69,0.237,1178
2016,Jason Heyward,Cubs,7,61,530,27,1,93,0.264,4940
2018,Miguel Rojas,Marlins,11,44,488,13,0,69,0.268,7802
2018,Victor Martinez,Tigers,9,32,467,21,0,49,0.369,393
2011,Alex Gonzalez,Braves,15,59,564,27,1,126,0.228,520
2019,Yolmer Sanchez,White Sox,2,59,496,20,4,117,0.273,11602
2013,Ichiro Suzuki,Yankees,7,57,520,15,3,63,0.157,1101
2019,Brandon Crawford,Giants,11,58,500,24,2,117,0.393,5343
2011,Yuniesky Betancourt,Brewers,13,51,556,27,3,63,0.237,8585
2011,Ichiro Suzuki,Mariners,5,80,677,22,3,69,0.121,1101
2015,Erick Aybar,Angels,3,74,597,30,1,73,0.231,4082
2015,Angel Pagan,Giants,3,55,512,21,3,93,0.233,2918
2013,Starlin Castro,Cubs,10,59,666,34,2,129,0.314,4579
2014,Domonic Brown,Phillies,10,47,473,22,1,91,0.267,3154
2014,Omar Infante,Royals,6,50,528,21,3,68,0.250,1609
2011,Alcides Escobar,Royals,4,69,548,21,8,73,0.149,6310
2011,Jason Bartlett,Padres,2,61,554,22,3,98,0.161,8219
2015,Alexei Ramirez,White Sox,10,54,583,33,0,68,0.213,5133
2014,Derek Jeter,Yankees,4,47,581,19,1,87,0.212,826
2017,Billy Hamilton,Reds,4,85,582,17,11,133,0.160,10199
2019,Mallex Smith,Mariners,6,70,510,19,9,141,0.263,13608
2016,Alcides Escobar,Royals,7,57,637,24,6,96,0.223,6310
2018,Billy Hamilton,Reds,4,74,504,16,9,132,0.191,10199
2014,Melvin Upton Jr.,Braves,12,67,519,19,5,173,0.328,5015
2018,Dee Gordon,Mariners,4,62,556,17,8,80,0.204,8203
2008,Willy Taveras,Rockies,1,64,479,15,2,79,0.156,1876
2009,Emilio Bonifacio,Marlins,1,72,461,11,6,95,0.180,4054
2011,Miguel Olivo,Mariners,19,54,477,19,1,140,0.286,1638
2017,Dansby Swanson,Braves,6,59,488,23,2,120,0.293,18314
2012,Jemile Weeks,Athletics,2,54,444,15,8,70,0.174,2498
2011,Casey McGehee,Brewers,13,46,546,24,2,104,0.253,6086
2015,Michael A. Taylor,Nationals,14,49,472,15,2,158,0.312,11489
2012,Dustin Ackley,Mariners,12,84,607,22,2,124,0.278,10099
2009,Yuniesky Betancourt,- - -,6,40,470,20,6,44,0.205,8585
2014,Andrelton Simmons,Braves,7,44,540,18,4,60,0.265,10847
2017,Jose Peraza,Reds,5,50,487,9,4,70,0.214,13593
2017,Rougned Odor,Rangers,30,79,607,21,3,162,0.368,12282
2014,Jean Segura,Brewers,5,61,513,14,6,70,0.212,5933
2012,Drew Stubbs,Reds,14,75,493,13,2,166,0.264,9328
2015,Alcides Escobar,Royals,3,76,612,20,5,75,0.208,6310
2010,Alcides Escobar,Brewers,4,57,506,14,10,70,0.251,6310
2010,Jose Lopez,Mariners,10,49,593,29,0,66,0.242,3114
2017,Alex Gordon,Royals,9,52,476,20,2,126,0.292,5209
2014,Allen Craig,- - -,8,41,461,20,1,113,0.306,3433
2019,Orlando Arcia,Brewers,15,51,494,16,1,109,0.331,13185
2017,Alcides Escobar,Royals,6,71,599,36,5,102,0.268,6310
2015,Jean Segura,Brewers,6,57,560,16,5,93,0.197,5933
2008,Michael Bourn,Astros,5,57,467,10,4,111,0.201,6387
2011,Alex Rios,White Sox,13,64,537,22,2,68,0.222,2090
2015,Wilson Ramos,Nationals,15,41,475,16,0,101,0.264,1433
2016,Alexei Ramirez,- - -,6,38,478,22,2,63,0.234,5133
2018,Alcides Escobar,Royals,4,54,485,22,3,74,0.303,6310
2014,Matt Dominguez,Astros,16,51,564,17,0,125,0.295,4903
2016,Adeiny Hechavarria,Marlins,3,52,508,17,6,73,0.323,10459
2015,Chris Owings,Diamondbacks,4,59,515,27,5,144,0.297,10030
2014,Zack Cozart,Reds,4,48,506,18,5,79,0.229,2616
2013,Darwin Barney,Cubs,7,49,501,25,1,64,0.201,2430
2013,Adeiny Hechavarria,Marlins,3,30,543,14,8,96,0.224,10459
2010,Cesar Izturis,Orioles,1,42,473,13,1,53,0.119,656
2013,Alcides Escobar,Royals,4,57,607,20,4,84,0.209,6310
2018,Chris Davis,Orioles,16,40,470,12,0,192,0.362,9272